rank,phase,subject,lab,eid,pid,probe_name,n_trials,n_good_units,panel_hash
1,development,ZFM-02369,mainenlab,72cb5550-43b4-4ef0-add5-e4adfdfb5e02,f4bd76a6-66c9-41f3-9311-6962315f8fc8,probe00,733,131,010ef8fe6aed305d5e1aa5b3683325a4a4033fd330d7c946ffc05bef6b06a404
2,development,ibl_witten_29,wittenlab,d2832a38-27f6-452d-91d6-af72d794136c,b25799a5-09e8-4656-9c1b-44bc9cbb5279,probe00,663,148,043e71f03b21ed812a6d0168c7f230b5f2498f46bd7a0d793b599f53811aae00
3,development,NYU-45,angelakilab,51e53aff-1d5d-4182-a684-aba783d50ae5,1a60a6e1-da99-4d4e-a734-39b1d4544fad,probe00,505,117,0747271a850ed9c57bf4057cc8ee367b1c898f910cd6f9daf279b03caf518ab7
4,development,SWC_042,hoferlab,66d98e6e-bcd9-4e78-8fbb-636f7e808b29,4f10fbb7-57be-427b-bb1d-a19bd31dc27b,probe00,564,70,079c918ce5af8299faf86a871b04835e5793b046f2c871b6da6f3aa68fe264f8
5,development,CSHL047,churchlandlab,b52182e7-39f6-4914-9717-136db589706e,4762e8ed-4d94-4fd7-9522-e927f5ffca74,probe01,700,37,07fd2c6411cf34bc5d00d91f48ba0480840a278d14cd9d2c62dc3f1859d40eeb
6,development,CSHL058,churchlandlab,f312aaec-3b6f-44b3-86b4-3a0c119c0438,eeb27b45-5b85-4e5c-b6ff-f639ca5687de,probe00,626,142,0a2c34467986af0a6c131ff76ec3752ca2b9d5f9dfbdb29880be3e6362ae91fe
7,development,CSHL054,churchlandlab,a71175be-d1fd-47a3-aa93-b830ea3634a1,e10a7a75-4740-41d1-82bb-7696ed14c442,probe01,855,48,0ad7d4ce4246803cea782307c7fe38078b4b1ccf076dc3d8b6449d7596fabf44
8,development,CSHL049,churchlandlab,d839491f-55d8-4cbe-a298-7839208ba12b,ae2b9f1b-ebe3-4b56-8957-31982186e6ec,probe00,559,82,0bd0b01c96780840d902a344436091a73c61f6a3b29be56acf7829e08b312792
9,confirmatory,CSHL055,churchlandlab,0cbeae00-e229-4b7d-bdcc-1b0569d7e0c3,f9656eee-141c-453d-a016-4aba68f674dc,probe01,771,50,0c2ccb9cabd97ea4f62a4bd288bdd80573cea3dafd26bb766d90cde7bbdacba0
10,confirmatory,CSH_ZAD_025,zadorlab,280ee768-f7b8-4c6c-9ea0-48ca75d6b6f3,64d04585-67e7-4320-baad-8d4589fd18f7,probe01,888,82,0d2008e3103fb13a7584459993ef7991922fc26b49c070c95f2184ae8eead4ab
11,confirmatory,KS084,cortexlab,1b715600-0cbc-442c-bd00-5b0ac2865de1,f639f4f3-ac14-4114-b712-f445463597e4,probe00,437,51,0f8d6c2b1b0cfc93395df63ab1118b1070f3bb2e19c348499d71c27448c10caa
12,confirmatory,DY_010,danlab,90d1e82c-c96f-496c-ad4e-ee3f02067f25,b40d8c65-7ee8-4069-8b64-1a3f7907742f,probe00,541,103,0fd8df0c32786f8cb096952e226951605fbc24a35e9022d2341da19315f290d1
13,confirmatory,KS052,cortexlab,ac7d3064-7f09-48a3-88d2-e86a4eb86461,2c401cbd-b95c-4ebe-8a83-92b55ab49542,probe01,691,38,1012ab035ce64d07d6707ea4a0fedba3523de15a6106c782f663bcb2ef7f421a
14,confirmatory,ibl_witten_32,wittenlab,08102cfc-a040-4bcf-b63c-faa0f4914a6f,f7c49002-6565-4314-83f7-19b9a16d8e61,probe01,406,33,1631acda4a00fd2cf1818940746d5626a512021041c76f8b901fecdfad097352
15,confirmatory,ZFM-02370,mainenlab,6f6d2c8e-28be-49f4-ae4d-06be2d3148c1,adcd791c-ead3-4572-a9cb-028bbee1d2e4,probe00,552,295,166b2ff7c5817deaa361f6073aa834f4ae96429476ace8a7ec5f059500801782
16,confirmatory,SWC_052,mrsicflogellab,22e04698-b974-4805-b241-3b547dbf37bf,0143d3fe-79c2-4922-8332-62c3e4e0ba85,probe00,518,28,17d2be27d961bd095e20d5bef5406228b0feedd057f3e6e40fd24d089bd4b1a9
17,confirmatory,DY_013,danlab,2f63c555-eb74-4d8d-ada5-5c3ecf3b46be,0925fb1b-cf83-4f55-bfb7-aa52f993a404,probe00,407,34,1b7ac60c34fd0546f8157c583f0c6e83d96cd3a1984593b041155671bc16b532
18,confirmatory,ibl_witten_26,wittenlab,dc21e80d-97d7-44ca-a729-a8e3f9b14305,176b4fe3-f570-4d9f-9e25-a5d218f75c8b,probe00,1111,35,1bd61e67ba88f4b2b2f8973e825adca1dd70ba27ba5b91db5c12d818e1350c08
19,confirmatory,DY_016,danlab,5339812f-8b91-40ba-9d8f-a559563cc46b,03c42ea1-1e04-4a3e-9b04-46d8568dcd02,probe01,438,325,2561e8019d436e728b87dffa6bd78e405e5e467b3e5b0ef1bbacc2c81d77bee8
20,confirmatory,KS023,cortexlab,a4000c2f-fa75-4b3e-8f06-a7cf599b87ad,e8129a86-b5a9-4d2e-9e9c-09689c9bf0b3,probe00,653,95,2d9e0d4a075beefe404055d62fb6505536ed45bd23b02e3624e2a00537c43889
21,confirmatory,SWC_061,hoferlab,493170a6-fd94-4ee4-884f-cc018c17eeb9,31d8dfb1-71fd-4c53-9229-7cd48bee07e4,probe01,686,102,2eb97e8e5357be38386c1ed21062e7d94fb510b45127214498b387a5a7cb502d
22,confirmatory,ZFM-01936,mainenlab,2c44a360-5a56-4971-8009-f469fb59de98,eab03c6e-bf98-48d2-8a0c-1887f34dd554,probe00,602,117,2f24737d63de3a478c6cb5387fec3d96c924d4c3ff830498dda18cf023ece3e6
23,confirmatory,KS022,cortexlab,15f742e1-1043-45c9-9504-f1e8a53c1744,3675290c-8134-4598-b924-83edb7940269,probe00,826,27,2fa1d0ebaf33c8ee37de6352d962d93dbe4399f67b795bf85e94ff30c86fe532
24,confirmatory,PL033,hausserlab,9fc31d79-b56f-46d0-92a0-e9563caf4a7a,b8f3a7c3-b700-446b-8d29-69691c0e3b1d,probe00,420,67,307f3d4250081d85fa09a75c24b49daa77e78d38165510ad242f99470cf6f956
25,reserve,SWC_053,mrsicflogellab,239cdbb1-68e2-4eb0-91d8-ae5ae4001c7a,0685d767-80a2-49b6-a51a-0e9b1dd7a14d,probe01,636,99,385e245f82c4df29d07b594ce9edb14141742a125cc33d86697b1098a24a52c7
26,reserve,NR_0029,steinmetzlab,e6594a5b-552c-421a-b376-1a1baa9dc4fd,9b5fec96-9f19-4ddf-ba1c-3175e15245e9,probe00,401,70,394c51c89af8b8d34a685821e7db6b0e8521d960050a83fe5bf82edc16ea200b
27,reserve,CSHL053,churchlandlab,0deb75fb-9088-42d9-b744-012fb8fc4afb,188fe7d5-fd1c-494f-88bc-672d77b9779e,probe00,675,75,43b89f9a561fd927723a8f853c39860c5de1bef1f267207ab6be3c5cc52d812e
28,reserve,PL015,hausserlab,9a6e127b-bb07-4be2-92e2-53dd858c2762,e5bc1f00-f4b8-4b35-a9b6-60d9cc7959a1,probe00,653,107,45329d9be714885eadb9b568f085233a17181c772818912711d42a75ca90bdcf
29,reserve,DY_018,danlab,cde63527-7f5a-4cc3-8ac2-215d82e7da26,ecd07b7e-6450-4e31-bef1-f195129eb3d3,probe01,508,40,46ff58fcea22e824c0e3b35ea9c9a62fa2b78b051d4b74a5932e335a57d8114a
30,reserve,DY_009,danlab,413a6825-2144-4a50-b3fc-cf38ddd6fd1a,b9b101cf-24d3-4c2a-8464-bc91b9f0c767,probe00,456,52,471a3531807fcbc09c09d0a248d1ce62880a56723820b926b298f57886b4c73e
31,reserve,UCLA052,churchlandlab_ucla,687017d4-c9fc-458f-a7d5-0979fe1a7470,f68d9f26-ac40-4c67-9cbf-9ad1851292f7,probe00,436,93,4cc0c314817f916e06c95752f83167039d7446f9601de6ad0d67531f790fdbab
32,reserve,DY_020,danlab,f7335a49-4a98-46d2-a8ce-d041d2eac1d6,1ff5ce1f-5500-444b-ad5f-70f90dd22ac3,probe00,402,45,4e60db70f77d21c5107b88afdb4c3dc55b6949ba155bc6c3a134e8d74d892394
33,reserve,NR_0031,steinmetzlab,642c97ea-fe89-4ec9-8629-5e492ea4019d,b72b22c2-6e9d-4604-9910-20c0e1a467d7,probe01,489,39,51b3d4c2035654af08383fe43cf37210f479b79da6bfa1bc1a0fd2ee8142ae57
34,reserve,NYU-30,angelakilab,77e6dc6a-66ed-433c-b1a2-778c914f523c,7b05cccc-44f6-4491-a0ea-e38d6e95513d,probe00,784,95,520023f9b56a35494bb2b98d2a63d23d3a0bd524f954c3da66ab343c469b7cd5
35,reserve,CSH_ZAD_029,zadorlab,5522ac4b-0e41-4c53-836a-aaa17e82b9eb,180d278e-1a49-42da-a624-24aa14b57a4e,probe00,1139,136,52604ae817d9137cda007190d211a16f34c452fdf4af6ce0f91b8ddb34310771
36,reserve,UCLA034,churchlandlab_ucla,3537d970-f515-4786-853f-23de525e110f,501ab543-9d02-4085-956d-22b9b3eeb543,probe00,503,246,53bd6f298665aa0af7c4d8daf1b62e5e99f9374ca7637e259e21fdec3e3ba680
37,reserve,PL037,hausserlab,d23b005f-46f5-4fe1-870c-f55f6eb9533d,d70f3604-b3cc-41b0-967a-f6619b2586a7,probe00,586,180,54c18e2c8238270f5ee6c7201dbca2c901930744684c4645050824206159f5a5
38,reserve,PL035,hausserlab,04749a70-ac63-477d-8392-d4d529184fab,a44a9942-0667-4d49-9047-40d2256c9854,probe00,593,72,555722fa1a20ad43d592dfcb5c0dac38a6eb0c56d8f85df985eccd7ce27ef4c9
39,reserve,CSHL051,churchlandlab,ecb5520d-1358-434c-95ec-93687ecd1396,e55266c7-eb05-47bb-b263-1cc08dc3c00c,probe01,510,80,57b946a43ea7e1fb6fe4666d8c7d95927e9104821a4e26c8cd968ada050a12a5
40,reserve,SWC_058,mrsicflogellab,3638d102-e8b6-4230-8742-e548cd87a949,143dd7cf-6a47-47a1-906d-927ad7fe9117,probe01,695,83,5885b70ec945d22060f2717ccd3997946d5aa0529b0dd123b3c13749e0284626
41,reserve,SWC_054,mrsicflogellab,eebacd5a-7dcd-4ba6-9dff-ec2a4d2f19e0,df6012d0-d921-4d0a-af2a-2a91030d0f42,probe00,630,129,5a882c2fa6b5120c858e9f854ffc534f4b9b2e36a008c3b05904e2b8a6a51431
42,reserve,MFD_09,churchlandlab_ucla,ebce500b-c530-47de-8cb1-963c552703ea,8c732bf2-639d-496c-bf82-464bc9c2d54b,probe00,569,291,5acc41bf658b13d346dcf700ab15d5d49dbea6bff3b51c621ef911176fa55594
43,reserve,ZFM-04308,mainenlab,9dd72e52-5393-4c08-9eca-f7dace2e59f6,9861fa24-d998-4ef5-9606-89002b8706fc,probe01,403,90,5afff3884288d5361e4f21450015d7ea38927d4f8746befc373374d509599464
44,reserve,MFD_07,churchlandlab_ucla,15b69921-d471-4ded-8814-2adad954bcd8,7a620688-66cb-44d3-b79b-ccac1c8ba23e,probe00,825,128,5b06821084a72d82c1aeeb00d3e59da353ff5b778d3e91f4b3a2acbc7651378f
45,reserve,ibl_witten_19,wittenlab,4ddb8a95-788b-48d0-8a0a-66c7c796da96,20469b30-1cd8-4078-9883-a840a0f6d787,probe01,722,67,5d97124bbd5f04afc0de69fa94dbf15a49985d188c31282f84b48339893d87e0
46,reserve,UCLA006,churchlandlab_ucla,19e66dc9-bf9f-430b-9d6a-acfa85de6fb7,f967a527-257f-404a-871d-b91575dca3b4,probe00,748,314,5f218b18bbba5232c5c70f2eeaf8b6530e132cad9751a93eebb2875f8fcb7e1a
47,reserve,NYU-40,angelakilab,8ca740c5-e7fe-430a-aa10-e74e9c3cbbe8,ce0dc660-f19e-46a3-94f9-646bebae6805,probe01,546,90,68f0b29445f182db122c4207fd31e1c07bc730588929cc0519b8794de5d074f8
48,reserve,KS094,cortexlab,6b0b5d24-bcda-4053-a59c-beaa1fe03b8f,ff5fceaf-8247-42ab-a187-f7876441899d,probe01,684,42,6b03c162f1b45f5a0ec616edf26e15bfceabc8cae5148250a49811fd64fd5fda
