candidate,kind,replicate,mean_selection_loss,train_steps,train_seconds,actor_parameters
graph-000000,graph,0,98.63617304091655,32768,40.19161118700001,2288
graph-000000,graph,1,97.09180801573933,32768,40.00541204000001,2288
graph-000000,graph,2,99.3665628946231,32768,39.97902668900002,2288
graph-000001,graph,0,109.33761567379246,32768,58.03815218099999,2288
graph-000001,graph,1,69.40581146423291,32768,58.159135037,2288
graph-000001,graph,2,107.1172826205018,32768,57.86100450499998,2288
graph-000010,graph,0,-1.1803085065524377,32768,57.02753139699999,2288
graph-000010,graph,1,106.29501186792426,32768,56.94123652600001,2288
graph-000010,graph,2,104.98826336777871,32768,56.989615387000015,2288
graph-000011,graph,0,97.41360016767351,32768,58.3989139329999,2288
graph-000011,graph,1,104.82474247257535,32768,57.92779395000002,2288
graph-000011,graph,2,112.33645608778009,32768,57.912272391000215,2288
graph-000100,graph,0,105.10292845617774,32768,51.64246038099998,2288
graph-000100,graph,1,26.36719469643302,32768,51.281275037,2288
graph-000100,graph,2,98.75159076252345,32768,51.30425392300003,2288
graph-000101,graph,0,111.42025567125529,32768,59.13311682099999,2288
graph-000101,graph,1,110.39099838752817,32768,58.61956600399998,2288
graph-000101,graph,2,109.01071261040244,32768,58.87000136900002,2288
graph-000110,graph,0,102.51854825588977,32768,57.27866682300001,2288
graph-000110,graph,1,111.91147974464627,32768,57.28251250399998,2288
graph-000110,graph,2,-3.373642350650492,32768,57.38825377699999,2288
graph-000111,graph,0,111.33865782373402,32768,55.18944507200001,2288
graph-000111,graph,1,49.894961001972355,32768,55.046196263999946,2288
graph-000111,graph,2,98.14635725593608,32768,55.344156096000006,2288
graph-001000,graph,0,110.36127654739863,32768,51.16251336600001,2288
graph-001000,graph,1,99.19247786307501,32768,51.41242859199997,2288
graph-001000,graph,2,107.77081671000148,32768,51.186532864000014,2288
graph-001001,graph,0,99.01858740223624,32768,58.032000586000095,2288
graph-001001,graph,1,111.07071519337802,32768,57.53400616599993,2288
graph-001001,graph,2,98.18496812078068,32768,57.48961244299994,2288
graph-001010,graph,0,112.19371987475701,32768,39.58841929000002,2288
graph-001010,graph,1,59.62912747864093,32768,39.49294831099999,2288
graph-001010,graph,2,89.40773554467079,32768,39.60828575300002,2288
graph-001011,graph,0,89.29117075327991,32768,51.75052073500001,2288
graph-001011,graph,1,107.69967677201039,32768,51.76363601699998,2288
graph-001011,graph,2,104.77026620988424,32768,51.919820363000014,2288
graph-001100,graph,0,109.33186454087263,32768,57.94123060999999,2288
graph-001100,graph,1,105.49498244909206,32768,57.71163994999998,2288
graph-001100,graph,2,6.063932282281009,32768,57.78131784599998,2288
graph-001101,graph,0,96.45159794685121,32768,57.818165101000034,2288
graph-001101,graph,1,109.18703368016413,32768,57.85203050100006,2288
graph-001101,graph,2,-1.8879454707105936,32768,57.80698302899998,2288
graph-001110,graph,0,38.15321280657211,32768,58.345373068000015,2288
graph-001110,graph,1,87.90881052767833,32768,59.25803509999997,2288
graph-001110,graph,2,0.8752980817937202,32768,58.896208091000005,2288
graph-010000,graph,0,62.46911595358202,32768,51.78150740100001,2288
graph-010000,graph,1,101.80287651790098,32768,52.18037313400001,2288
graph-010000,graph,2,45.85177892745802,32768,51.62600063300002,2288
graph-010001,graph,0,111.17559742813724,32768,57.242569986000035,2288
graph-010001,graph,1,109.8647077528553,32768,57.25223827100001,2288
graph-010001,graph,2,109.4085484201399,32768,57.054977583000095,2288
graph-010010,graph,0,26.436085001462036,32768,27.041238076000013,2288
graph-010010,graph,1,102.11888639163226,32768,26.828371736999998,2288
graph-010010,graph,2,100.71129846778545,32768,26.781711580999968,2288
graph-010011,graph,0,99.51533798017125,32768,39.903394245000015,2288
graph-010011,graph,1,108.51289204316951,32768,39.835411136000005,2288
graph-010011,graph,2,100.64197092834446,32768,39.93014490099995,2288
graph-010100,graph,0,89.65037987007719,32768,58.477453275000016,2288
graph-010100,graph,1,110.46458161265281,32768,58.51184573900002,2288
graph-010100,graph,2,99.41873207344906,32768,58.3531589989999,2288
graph-010101,graph,0,-1.1909866066481378,32768,56.72982742800002,2288
graph-010101,graph,1,103.46806882695655,32768,56.87210838699997,2288
graph-010101,graph,2,109.58622390106838,32768,56.816267829000026,2288
graph-010110,graph,0,74.16612174285628,32768,58.0541772250001,2288
graph-010110,graph,1,106.77906681942295,32768,58.13985955200019,2288
graph-010110,graph,2,102.81216368562957,32768,58.09353205100001,2288
graph-011000,graph,0,98.76392628299072,32768,51.49291529599998,2288
graph-011000,graph,1,100.78572616348458,32768,51.349285355999996,2288
graph-011000,graph,2,100.04712846091326,32768,51.433751762000156,2288
graph-011001,graph,0,42.869668534749906,32768,58.552680057999964,2288
graph-011001,graph,1,110.38150827986344,32768,58.69972861399998,2288
graph-011001,graph,2,102.81757572942621,32768,58.97095099999996,2288
graph-011010,graph,0,111.25046305999989,32768,57.47259484,2288
graph-011010,graph,1,6.849803940599994,32768,57.54541491600003,2288
graph-011010,graph,2,7.247856969324254,32768,57.55419932199999,2288
graph-011100,graph,0,109.58623430888919,32768,54.524195814999985,2288
graph-011100,graph,1,106.95797647802262,32768,54.30717447999996,2288
graph-011100,graph,2,100.42248539626598,32768,55.089295297000035,2288
graph-100000,graph,0,-0.0074284346968230925,32768,51.034690643999966,2288
graph-100000,graph,1,101.85502007939958,32768,51.26017838000001,2288
graph-100000,graph,2,-2.1953557814574887,32768,51.275176977,2288
graph-100001,graph,0,104.36794520066017,32768,58.552536534999945,2288
graph-100001,graph,1,111.45589295629826,32768,57.3454825419999,2288
graph-100001,graph,2,98.14135876191882,32768,57.45292005100009,2288
graph-100010,graph,0,111.09951449894452,32768,39.59465013100004,2288
graph-100010,graph,1,111.8503713645041,32768,39.464983743000005,2288
graph-100010,graph,2,99.5571404741301,32768,39.656833930999994,2288
graph-100011,graph,0,89.6323560428702,32768,52.16400779500003,2288
graph-100011,graph,1,99.16335763088944,32768,52.017724354999984,2288
graph-100011,graph,2,22.45760891462366,32768,51.880320649000055,2288
graph-100100,graph,0,11.92474486264918,32768,57.91346355500002,2288
graph-100100,graph,1,100.541421725599,32768,57.93792936800003,2288
graph-100100,graph,2,98.17667067256603,32768,58.08908972699999,2288
graph-100101,graph,0,106.19106899730912,32768,57.80563620300006,2288
graph-100101,graph,1,107.97926467231527,32768,57.613400400000046,2288
graph-100101,graph,2,112.1105428983768,32768,57.88076813100008,2288
graph-100110,graph,0,108.44862460074363,32768,58.15143589400003,2288
graph-100110,graph,1,109.13884946375363,32768,58.000561678000054,2288
graph-100110,graph,2,111.25351407523785,32768,58.16454988099997,2288
graph-101000,graph,0,112.22205028248328,32768,51.83064332299995,2288
graph-101000,graph,1,107.61885511496479,32768,51.80425101200001,2288
graph-101000,graph,2,99.63028616569419,32768,51.600902089000044,2288
graph-101001,graph,0,71.09970161717177,32768,56.78847944300003,2288
graph-101001,graph,1,110.90351821575314,32768,56.58737999900006,2288
graph-101001,graph,2,108.17259655548777,32768,57.015568364000046,2288
graph-101010,graph,0,99.72192254124417,32768,26.961231422000083,2288
graph-101010,graph,1,42.91954158970233,32768,26.918678676000013,2288
graph-101010,graph,2,102.68215127734261,32768,27.120706426000083,2288
graph-101100,graph,0,108.21063216688991,32768,39.72524128599997,2288
graph-101100,graph,1,102.65354867088092,32768,39.939463477000004,2288
graph-101100,graph,2,85.83643873902719,32768,39.833570580000014,2288
graph-110000,graph,0,5.031811375584867,32768,57.48488097500001,2288
graph-110000,graph,1,101.37496030082305,32768,57.87891435200004,2288
graph-110000,graph,2,98.76527199459572,32768,58.02028366900004,2288
graph-110001,graph,0,22.153051289419338,32768,56.705780791999985,2288
graph-110001,graph,1,107.99205622159127,32768,56.84617813199998,2288
graph-110001,graph,2,95.33378273476329,32768,56.763827542999934,2288
graph-110010,graph,0,69.1504429313613,32768,58.19896139799994,2288
graph-110010,graph,1,100.27398891733094,32768,57.91664645100013,2288
graph-110010,graph,2,109.34261469013937,32768,57.91151150699989,2288
graph-110100,graph,0,103.71837126212715,32768,51.41989519800018,2288
graph-110100,graph,1,112.44941691790397,32768,51.368335730000126,2288
graph-110100,graph,2,98.99071853483717,32768,51.68049605800002,2288
graph-111000,graph,0,106.47793157499594,32768,58.517022563999944,2288
graph-111000,graph,1,109.98451636540183,32768,58.60113186499996,2288
graph-111000,graph,2,107.604962222899,32768,58.50892700099996,2288
graph-111111,graph,0,109.22492478135327,32768,57.54828750299998,2288
graph-111111,graph,1,110.02398853707645,32768,57.47860590899995,2288
graph-111111,graph,2,106.3216628091371,32768,57.39183220299992,2288
ppo-00,ppo,0,104.57038270257827,32768,41.23692011900005,10968
ppo-00,ppo,1,70.00236303090222,32768,41.30988858500007,10968
ppo-00,ppo,2,107.65646673076681,32768,40.97725474599997,10968
ppo-01,ppo,0,105.19593292200524,32768,39.06942791300003,10968
ppo-01,ppo,1,105.06964632827373,32768,38.96885445099997,10968
ppo-01,ppo,2,109.74562004249958,32768,39.06376494599999,10968
ppo-02,ppo,0,108.34246962869334,32768,42.39516087799984,10968
ppo-02,ppo,1,109.23857861309726,32768,42.27071389899993,10968
ppo-02,ppo,2,106.44932145227925,32768,42.24783986900002,10968
ppo-03,ppo,0,107.07913424171868,32768,30.200183503000005,10968
ppo-03,ppo,1,100.67950735856884,32768,30.189818952999985,10968
ppo-03,ppo,2,107.74760561843222,32768,30.18768422200003,10968
ppo-04,ppo,0,106.8121362341788,32768,39.43112792400001,10968
ppo-04,ppo,1,107.76241539025473,32768,39.468366183,10968
ppo-04,ppo,2,102.95022425122765,32768,39.44738094499996,10968
ppo-05,ppo,0,104.94109355681576,32768,42.57116404200002,10968
ppo-05,ppo,1,106.75259126660727,32768,42.41989003599997,10968
ppo-05,ppo,2,106.9688519586602,32768,42.63776603300005,10968
ppo-06,ppo,0,109.99110621752011,32768,42.22595009100007,10968
ppo-06,ppo,1,104.38250682968646,32768,42.44802032300004,10968
ppo-06,ppo,2,108.59160418063401,32768,42.23798333100001,10968
ppo-07,ppo,0,111.09205633200084,32768,42.65442558999996,10968
ppo-07,ppo,1,100.61422219577558,32768,42.439448066999944,10968
ppo-07,ppo,2,101.47153422991848,32768,42.542592549000005,10968
ppo-08,ppo,0,104.71090959105642,32768,38.985946272000035,10968
ppo-08,ppo,1,99.80886930268672,32768,38.99499496300007,10968
ppo-08,ppo,2,105.44251098940408,32768,39.16113640000003,10968
ppo-09,ppo,0,107.56972475215379,32768,42.130780249000054,10968
ppo-09,ppo,1,107.70818111233207,32768,42.03000995000002,10968
ppo-09,ppo,2,107.05046291007763,32768,42.313853969999855,10968
ppo-10,ppo,0,107.82093243632052,32768,19.784506547999968,10968
ppo-10,ppo,1,104.58466325975799,32768,20.04300231100001,10968
ppo-10,ppo,2,73.92222374955195,32768,20.033072693999998,10968
ppo-11,ppo,0,95.20588559432913,32768,30.35774512499995,10968
ppo-11,ppo,1,105.12302959945778,32768,30.28727590699998,10968
ppo-11,ppo,2,108.49291768437251,32768,30.230983220999974,10968
ppo-12,ppo,0,110.97629138848019,32768,43.0423693780001,10968
ppo-12,ppo,1,106.27931569614964,32768,43.28330995099998,10968
ppo-12,ppo,2,98.15938779346955,32768,43.18106745800003,10968
ppo-13,ppo,0,106.05576809930302,32768,41.69230236699991,10968
ppo-13,ppo,1,108.16931570176449,32768,41.68366461599999,10968
ppo-13,ppo,2,72.00246428574125,32768,41.88309625199997,10968
ppo-14,ppo,0,108.74179082612198,32768,42.66228505000004,10968
ppo-14,ppo,1,94.70796300469534,32768,42.845700636999936,10968
ppo-14,ppo,2,111.37089145835489,32768,42.58233757400012,10968
ppo-15,ppo,0,111.483680151196,32768,38.64955935199987,10968
ppo-15,ppo,1,94.72860643867817,32768,38.88544900800002,10968
ppo-15,ppo,2,106.64817826729268,32768,39.029587927999955,10968
ppo-16,ppo,0,104.03883124127363,32768,42.88605566900003,10968
ppo-16,ppo,1,91.84441342313464,32768,42.810237779999966,10968
ppo-16,ppo,2,109.14630147297349,32768,43.16741358799993,10968
ppo-17,ppo,0,103.27307435724003,32768,42.020754716000056,10968
ppo-17,ppo,1,106.67603963628385,32768,42.003696472,10968
ppo-17,ppo,2,103.15487539297384,32768,42.16155352099997,10968
ppo-18,ppo,0,105.05178860986295,32768,41.013095663999934,10968
ppo-18,ppo,1,100.97901237570396,32768,41.05650762000005,10968
ppo-18,ppo,2,105.03724228073325,32768,40.99173900100004,10968
ppo-19,ppo,0,109.80733651585051,32768,38.962079292,10968
ppo-19,ppo,1,107.96891351503372,32768,38.932660846999966,10968
ppo-19,ppo,2,102.81109558527045,32768,39.08004353000001,10968
ppo-20,ppo,0,39.418641885794294,32768,42.26892699700011,10968
ppo-20,ppo,1,103.52632097165205,32768,42.543219648999866,10968
ppo-20,ppo,2,108.5580890160054,32768,42.34907925399989,10968
ppo-21,ppo,0,104.43136733615796,32768,30.14260640300006,10968
ppo-21,ppo,1,2.0828951257798436,32768,30.150467771999956,10968
ppo-21,ppo,2,52.79193346016109,32768,30.079007781999962,10968
ppo-22,ppo,0,107.12881526444106,32768,39.296367969000016,10968
ppo-22,ppo,1,103.38382261564645,32768,39.331228437999926,10968
ppo-22,ppo,2,97.73288473714558,32768,38.99712343800002,10968
ppo-23,ppo,0,102.1968044947393,32768,42.357137659000045,10968
ppo-23,ppo,1,108.0960131031461,32768,42.485747144000015,10968
ppo-23,ppo,2,79.50852088878553,32768,42.225137792000055,10968
ppo-24,ppo,0,108.5704788265543,32768,42.31699426,10968
ppo-24,ppo,1,100.68205733495091,32768,42.52390610400005,10968
ppo-24,ppo,2,103.97365428737572,32768,42.34882956699994,10968
ppo-25,ppo,0,108.46435494141446,32768,42.38495878499998,10968
ppo-25,ppo,1,108.62181003433135,32768,42.14269080400004,10968
ppo-25,ppo,2,110.68499671331504,32768,42.54253241599997,10968
ppo-26,ppo,0,87.207787361802,32768,38.86921084699998,10968
ppo-26,ppo,1,108.73642337254974,32768,38.872247238,10968
ppo-26,ppo,2,103.47624311200343,32768,38.99895621799999,10968
ppo-27,ppo,0,105.64374650534916,32768,42.30428777399993,10968
ppo-27,ppo,1,84.84773479993196,32768,42.59002153899996,10968
ppo-27,ppo,2,96.51266183755878,32768,42.115184621000026,10968
ppo-28,ppo,0,107.43499801825318,32768,19.911940362999985,10968
ppo-28,ppo,1,56.90559805432955,32768,19.850238067999953,10968
ppo-28,ppo,2,106.91757643015849,32768,20.019735367000067,10968
ppo-29,ppo,0,90.028956137908,32768,30.014714851000008,10968
ppo-29,ppo,1,59.96019590325239,32768,30.15421973299999,10968
ppo-29,ppo,2,100.1505818056046,32768,30.208210714000074,10968
ppo-30,ppo,0,73.9356168989713,32768,43.14367813699994,10968
ppo-30,ppo,1,103.55352931793054,32768,43.26708858500001,10968
ppo-30,ppo,2,108.13924848417649,32768,43.32182361900004,10968
ppo-31,ppo,0,102.56136626486357,32768,41.565857663999964,10968
ppo-31,ppo,1,107.57109293075173,32768,41.79092225399995,10968
ppo-31,ppo,2,105.22603936752097,32768,41.677371509999944,10968
ppo-32,ppo,0,106.69942527895587,32768,42.467936620000046,10968
ppo-32,ppo,1,80.78833213343749,32768,42.479800404000116,10968
ppo-32,ppo,2,109.6989324601988,32768,42.95538377799994,10968
ppo-33,ppo,0,86.27028993382635,32768,39.1193432890002,10968
ppo-33,ppo,1,31.88308456584087,32768,39.14090162699995,10968
ppo-33,ppo,2,106.34609448268183,32768,38.92636140900004,10968
ppo-34,ppo,0,106.78764373271001,32768,42.86411897100004,10968
ppo-34,ppo,1,105.43389339460475,32768,43.1188285799999,10968
ppo-34,ppo,2,108.97235436897932,32768,43.11444330799998,10968
ppo-35,ppo,0,105.44151479978528,32768,42.062951098999974,10968
ppo-35,ppo,1,102.66354470446498,32768,41.962414045999935,10968
ppo-35,ppo,2,82.46918896606398,32768,42.05274831999998,10968
ppo-36,ppo,0,104.7161913661079,32768,40.932237186000066,10968
ppo-36,ppo,1,103.177537560256,32768,41.11739669199983,10968
ppo-36,ppo,2,108.20943592307674,32768,40.834130220999896,10968
ppo-37,ppo,0,102.7908519351234,32768,38.66178671599994,10968
ppo-37,ppo,1,105.35754379381734,32768,38.740057794999984,10968
ppo-37,ppo,2,105.34289696160704,32768,38.89002937399994,10968
ppo-38,ppo,0,104.22843369882968,32768,42.114316992999875,10968
ppo-38,ppo,1,95.41148084712525,32768,42.23724592299982,10968
ppo-38,ppo,2,104.63676605240714,32768,42.04868602600004,10968
ppo-39,ppo,0,111.45974925657113,32768,30.139847310999926,10968
ppo-39,ppo,1,75.61987962268499,32768,30.259008590000008,10968
ppo-39,ppo,2,45.05976574280712,32768,30.01635189000001,10968
ppo-40,ppo,0,106.57237331667501,32768,38.94543624700009,10968
ppo-40,ppo,1,50.675642438129415,32768,39.408672294999974,10968
ppo-40,ppo,2,106.98025635133187,32768,39.313624529000094,10968
ppo-41,ppo,0,92.9823477417748,32768,42.217781866999985,10968
ppo-41,ppo,1,109.13470752237158,32768,42.306603827,10968
ppo-41,ppo,2,88.19057850793212,32768,42.02405703900001,10968
sac-00,sac,0,100.73803930044069,32768,65.31240797600003,11736
sac-00,sac,1,108.53587072446113,32768,65.83504080600005,11736
sac-00,sac,2,107.48603397276666,32768,65.85716639299994,11736
sac-01,sac,0,103.03197677807312,32768,66.78987696600007,11736
sac-01,sac,1,99.80067185946974,32768,68.78920726500007,11736
sac-01,sac,2,102.76084924072751,32768,68.66732368199996,11736
sac-02,sac,0,103.0333170193157,32768,62.136935773000005,11736
sac-02,sac,1,108.99112672237,32768,61.66331208700001,11736
sac-02,sac,2,112.22747676136593,32768,61.661047552000014,11736
sac-03,sac,0,105.8679549813581,32768,66.64316537000013,11736
sac-03,sac,1,109.11251390037232,32768,67.11486977499999,11736
sac-03,sac,2,85.85323646312786,32768,67.91285645800008,11736
sac-04,sac,0,108.85925113140708,32768,32.34042596300003,11736
sac-04,sac,1,101.6083377171308,32768,32.52411987000005,11736
sac-04,sac,2,104.09189778447357,32768,32.94832932700001,11736
sac-05,sac,0,102.43440053653387,32768,47.52122123099991,11736
sac-05,sac,1,105.94292757048323,32768,47.90975719800008,11736
sac-05,sac,2,106.1649678517133,32768,47.73871979299997,11736
sac-06,sac,0,102.2161879344696,32768,67.87219290000007,11736
sac-06,sac,1,106.16069256990319,32768,66.87334910599998,11736
sac-06,sac,2,104.98406660018695,32768,67.32040010800006,11736
sac-07,sac,0,102.57671054882103,32768,64.568282845,11736
sac-07,sac,1,104.27147884025341,32768,64.80033375599999,11736
sac-07,sac,2,110.21372069920308,32768,64.97818141700009,11736
sac-08,sac,0,103.44280920182875,32768,68.47803419699994,11736
sac-08,sac,1,104.00819908082485,32768,68.19828426799995,11736
sac-08,sac,2,102.80849670944735,32768,67.79041984200012,11736
sac-09,sac,0,104.82214440192114,32768,61.402708342000096,11736
sac-09,sac,1,103.85558017705462,32768,61.38794091,11736
sac-09,sac,2,106.43552656712968,32768,61.44363131,11736
sac-10,sac,0,103.21462021023036,32768,66.40617374199985,11736
sac-10,sac,1,107.91289187121828,32768,66.76167122900006,11736
sac-10,sac,2,105.56797385685142,32768,66.63292176200002,11736
sac-11,sac,0,104.41653086358889,32768,65.72316849800006,11736
sac-11,sac,1,111.27364762665498,32768,65.52886322200015,11736
sac-11,sac,2,104.25207519210464,32768,65.58918867600005,11736
sac-12,sac,0,104.35694050563808,32768,67.19092957200019,11736
sac-12,sac,1,104.65964947123494,32768,67.26595589800013,11736
sac-12,sac,2,104.50432214880776,32768,66.87780432399995,11736
sac-13,sac,0,103.36510113207623,32768,61.29966516800005,11736
sac-13,sac,1,107.48954088044248,32768,61.57931991500004,11736
sac-13,sac,2,106.08707264631651,32768,61.79446037999992,11736
sac-14,sac,0,68.96174309631655,32768,66.09279031400001,11736
sac-14,sac,1,103.25378896233934,32768,66.25111909799989,11736
sac-14,sac,2,102.88822743679502,32768,65.6494472469999,11736
sac-15,sac,0,103.06517333120833,32768,47.52751120999994,11736
sac-15,sac,1,97.64916858573754,32768,47.841709778999984,11736
sac-15,sac,2,104.7335561704434,32768,48.05973212399999,11736
sac-16,sac,0,34.73316926136451,32768,61.812722603,11736
sac-16,sac,1,110.0158979907218,32768,61.93176556900005,11736
sac-16,sac,2,86.37392829195899,32768,62.08319079600005,11736
sac-17,sac,0,106.22554347371785,32768,65.75125147400001,11736
sac-17,sac,1,105.98851642830091,32768,65.69308008799999,11736
sac-17,sac,2,108.72920585771823,32768,66.10030576899999,11736
sac-18,sac,0,103.29199816390043,32768,66.01245830199991,11736
sac-18,sac,1,107.10047949679817,32768,65.77688145999991,11736
sac-18,sac,2,107.6023249377807,32768,65.75964803200009,11736
sac-19,sac,0,104.52511626233657,32768,67.44620835899991,11736
sac-19,sac,1,105.01476605912707,32768,67.04972773399982,11736
sac-19,sac,2,103.20333888591267,32768,66.85273665399995,11736
sac-20,sac,0,102.11778079442188,32768,62.41260279000005,11736
sac-20,sac,1,107.93410335237986,32768,65.08272080200004,11736
sac-20,sac,2,105.14743621254131,32768,62.00866643100005,11736
sac-21,sac,0,105.34772925368613,32768,67.00712449999992,11736
sac-21,sac,1,103.17095303337716,32768,67.19250520300011,11736
sac-21,sac,2,107.86426945123823,32768,67.07681485900002,11736
sac-22,sac,0,107.46332342860599,32768,32.74642126900005,11736
sac-22,sac,1,96.38243069375555,32768,32.961307594000004,11736
sac-22,sac,2,104.02490225617981,32768,33.62108766799997,11736
sac-23,sac,0,103.65281729679555,32768,47.749478218000036,11736
sac-23,sac,1,108.2191843484632,32768,47.74634439399995,11736
sac-23,sac,2,108.4702769216771,32768,49.22872632899998,11736
sac-24,sac,0,27.378071575994706,32768,66.87958459299989,11736
sac-24,sac,1,103.89993580182396,32768,66.12277311100001,11736
sac-24,sac,2,106.65660224917035,32768,66.26354362999996,11736
sac-25,sac,0,104.89865953309669,32768,64.60491253100008,11736
sac-25,sac,1,105.11311045956488,32768,64.57713699500005,11736
sac-25,sac,2,104.35136364766451,32768,64.92826837999996,11736
sac-26,sac,0,104.41773791100262,32768,68.3827135280003,11736
sac-26,sac,1,105.91003588349041,32768,68.75327013199967,11736
sac-26,sac,2,108.40434424695559,32768,68.35851413599994,11736
sac-27,sac,0,106.11802178181502,32768,61.34714130399993,11736
sac-27,sac,1,103.22563978018461,32768,61.49899536200019,11736
sac-27,sac,2,105.51187623606205,32768,61.71314186900008,11736
sac-28,sac,0,105.93886352589146,32768,67.89073201799988,11736
sac-28,sac,1,106.70131409557588,32768,68.02860022100003,11736
sac-28,sac,2,106.50587164615798,32768,67.61723025600008,11736
sac-29,sac,0,102.17481904394096,32768,65.5341732490001,11736
sac-29,sac,1,105.76731678464505,32768,65.656793719,11736
sac-29,sac,2,107.34856757732469,32768,65.45873210600007,11736
sac-30,sac,0,102.59227035339508,32768,66.871373597,11736
sac-30,sac,1,107.39277749746462,32768,66.48304094399987,11736
sac-30,sac,2,102.22288877480769,32768,67.18422920300009,11736
sac-31,sac,0,102.97478051245628,32768,61.62477276899995,11736
sac-31,sac,1,103.38208283656019,32768,61.72001410000007,11736
sac-31,sac,2,103.92306353627806,32768,61.36178033700003,11736
sac-32,sac,0,104.39462340075988,32768,65.41867599800003,11736
sac-32,sac,1,103.67346755803253,32768,66.51247624100006,11736
sac-32,sac,2,107.23386723310169,32768,68.28574286999992,11736
sac-33,sac,0,107.2848981233417,32768,48.15604270799997,11736
sac-33,sac,1,107.41447086528773,32768,48.127086474000066,11736
sac-33,sac,2,104.7278548200007,32768,48.79700469599993,11736
sac-34,sac,0,105.61643230501147,32768,61.77989436000007,11736
sac-34,sac,1,103.86782293482166,32768,61.660004412000035,11736
sac-34,sac,2,105.58915022056965,32768,61.82460951899998,11736
sac-35,sac,0,103.72148272959102,32768,66.92514785899994,11736
sac-35,sac,1,103.3351887398296,32768,66.92706028499992,11736
sac-35,sac,2,105.8344610599387,32768,65.9709203970001,11736
sac-36,sac,0,103.66160875227717,32768,65.62407192699993,11736
sac-36,sac,1,103.61953330297386,32768,65.78385251600002,11736
sac-36,sac,2,103.4028598823481,32768,66.02782658699994,11736
sac-37,sac,0,103.241440156811,32768,66.59832688399979,11736
sac-37,sac,1,103.77237745562644,32768,69.01078821099986,11736
sac-37,sac,2,8.147184335471444,32768,68.29304888699994,11736
sac-38,sac,0,104.09361495281337,32768,61.575778703000196,11736
sac-38,sac,1,104.03699371861876,32768,61.98246971799995,11736
sac-38,sac,2,105.05454523164211,32768,62.25285886200004,11736
sac-39,sac,0,104.14662276912067,32768,66.07860264200008,11736
sac-39,sac,1,98.67689010687172,32768,65.58126910100009,11736
sac-39,sac,2,103.76977611529746,32768,65.97078145,11736
sac-40,sac,0,105.32879099209742,32768,33.12224256899992,11736
sac-40,sac,1,106.46131094855565,32768,32.42901619899999,11736
sac-40,sac,2,105.153058668702,32768,32.485151800999915,11736
sac-41,sac,0,103.45875631490104,32768,48.14282625999999,11736
sac-41,sac,1,104.23066104169347,32768,47.70205802500004,11736
sac-41,sac,2,105.49590522630346,32768,47.87518404799994,11736
