controller,seed,family,regime,mean_tracking_loss,tracking_rmse,mean_action_cost,hard_violations,tracking_pass,failure_rate,recovery_fraction,mean_recovery_steps,recovery_censored,initial_tail_loss,return_tail_loss,return_loss_change,mean_stockout,mean_overflow,censored_transition_fraction,action_seconds,learning_seconds,controller_seconds
paired_lesion,52001,dynamic_tracking,paired,0.015286028096901438,0.12363667779789879,2.881608658893388,0,True,0.0,1.0,4.333333333333333,0,0.007381167575161295,0.007241424436184656,-0.0001397431389766387,,,,0.07249033999687526,0.035475191980367526,0.10796553197724279
diagonal,52001,dynamic_tracking,paired,0.011703347543488486,0.10818201118249043,2.8061412438459628,0,True,0.0,1.0,5.666666666666667,0,0.0027901056754712347,0.0049191713194131435,0.0021290656439419088,,,,0.07107966901094187,0.02722037500643637,0.09830004401737824
shuffled,52001,dynamic_tracking,paired,0.006590090213457786,0.0811793706150632,2.833436137348753,0,True,0.0,1.0,1.0,0,0.002524137568067188,0.002310987754283162,-0.000213149813784026,,,,0.07382383502408629,0.03825588000472635,0.11207971502881264
dense,52001,dynamic_tracking,paired,0.002278253051913853,0.04773104913904421,2.7374017788172686,0,True,0.0,1.0,1.0,0,7.829362617174009e-05,5.713129517390929e-05,-2.11623309978308e-05,,,,0.06708228510251502,0.026688464990002103,0.09377075009251712
signed_intensity,52001,dynamic_tracking,paired,0.009575776535937568,0.09785589678674234,2.8099627806062557,0,True,0.0,1.0,6.0,0,0.0004890739624981702,0.0022071874612123905,0.0017181134987142204,,,,0.07019778099493124,0.026806120011315215,0.09700390100624645
zero,52001,dynamic_tracking,paired,0.19841192997631454,0.4454345406188372,0.0,0,False,1.0,0.0,,3,0.16646189971352582,0.16827990223776493,0.0018180025242391096,,,,0.001599060902663041,0.00023993204376893118,0.001838992946431972
hold,52001,dynamic_tracking,paired,0.09118027684618457,0.30196072070086294,2.3315852871695193,0,False,1.0,0.0,,3,0.08962266611962678,0.09128133332590166,0.0016586672062748747,,,,0.0016638479792163707,0.00023614797100890428,0.001899995950225275
paired,52001,dynamic_tracking,paired,0.009575776535937566,0.09785589678674232,2.8099627806062557,0,True,0.0,1.0,6.0,0,0.0004890739624981702,0.0022071874612123905,0.0017181134987142204,,,,0.06916599503165344,0.02722460002405569,0.09639059505570913
diagonal,52001,dynamic_tracking,diagonal,0.002739013726942451,0.05233558757616514,2.8269704425820357,0,True,0.0,1.0,1.0,0,0.000643523725304151,0.00027914023839818096,-0.00036438348690597,,,,0.06602321796526667,0.02619401999254478,0.09221723795781145
shuffled,52001,dynamic_tracking,diagonal,0.001924478503174786,0.04386887852652249,2.782580276892774,0,True,0.0,1.0,1.0,0,0.00025413760934405046,0.0002114216227213597,-4.271598662269077e-05,,,,0.06469436899351422,0.02567156199074816,0.09036593098426238
dense,52001,dynamic_tracking,diagonal,0.0013267580585769618,0.03642469023309549,2.7128675082577054,0,True,0.0,1.0,0.6666666666666666,0,7.485831998839401e-05,4.8457301573705556e-05,-2.6401018414688455e-05,,,,0.08389142798114335,0.028566530949319713,0.11245795893046306
signed_intensity,52001,dynamic_tracking,diagonal,0.002241871575563833,0.047348406262131285,2.778258147797594,0,True,0.0,1.0,1.0,0,0.000353646540425976,0.0003876171168993816,3.397057647340561e-05,,,,0.07369540201761993,0.029252284992253408,0.10294768700987333
zero,52001,dynamic_tracking,diagonal,0.1576638989375715,0.39706913621883466,0.0,0,False,1.0,0.0,,3,0.15154811988744005,0.15302825766828804,0.0014801377808479899,,,,0.0030243600049288943,0.0002585050096968189,0.0032828650146257132
hold,52001,dynamic_tracking,diagonal,0.07801662840577878,0.2793145689107154,2.3315852871695193,0,False,1.0,0.0,,3,0.08798850281022072,0.08929558234061026,0.0013070795303895405,,,,0.0017119490439654328,0.00026079697272507474,0.0019727460166905075
paired,52001,dynamic_tracking,diagonal,0.002241871575563833,0.047348406262131285,2.778258147797594,0,True,0.0,1.0,1.0,0,0.000353646540425976,0.0003876171168993817,3.3970576473405715e-05,,,,0.06588687302428298,0.027401671977713704,0.09328854500199668
paired_lesion,52001,dynamic_tracking,diagonal,0.004174971850869425,0.06461402209172112,2.8973740367184604,0,True,0.0,1.0,1.0,0,0.0031981152339588454,0.00037550156505685713,-0.0028226136689019883,,,,0.06631435095187044,0.02608049697300885,0.09239484792487929
shuffled,52001,dynamic_tracking,misaligned,0.007551884782846955,0.08690158101465678,2.8093950211743524,0,True,0.0,1.0,1.6666666666666667,0,0.0020819352508915706,0.002478391256609148,0.00039645600571757734,,,,0.06719235105992993,0.025893438949424308,0.09308579000935424
dense,52001,dynamic_tracking,misaligned,0.002174683195575024,0.0466334986418028,2.7260928024076683,0,True,0.0,1.0,1.3333333333333333,0,7.581044206528964e-05,7.143624645843615e-05,-4.3741956068534915e-06,,,,0.06879937002668157,0.026920708995021414,0.09572007902170299
signed_intensity,52001,dynamic_tracking,misaligned,0.006649397223556315,0.08154383620824027,2.7782732446015217,0,True,0.0,1.0,1.3333333333333333,0,0.002002676996768062,0.0015834777264175145,-0.0004191992703505474,,,,0.06823653303581523,0.02613054299581563,0.09436707603163086
zero,52001,dynamic_tracking,misaligned,0.18693682773737758,0.432361917538279,0.0,0,False,1.0,0.0,,3,0.18141771083125272,0.1828708398420057,0.0014531290107529793,,,,0.0019386099811526947,0.00025323200679849833,0.002191841987951193
hold,52001,dynamic_tracking,misaligned,0.08702086903688719,0.29499299828451386,2.3315852871695193,0,False,1.0,0.0,,3,0.11343328894016756,0.11472708393921158,0.001293794999044015,,,,0.0017021380190271884,0.00023489399609388784,0.0019370320151210763
paired,52001,dynamic_tracking,misaligned,0.006649397223556315,0.08154383620824027,2.7782732446015217,0,True,0.0,1.0,1.3333333333333333,0,0.002002676996768062,0.001583477726417514,-0.0004191992703505478,,,,0.06778575302450918,0.026553837989922613,0.09433959101443179
paired_lesion,52001,dynamic_tracking,misaligned,0.010507774435094097,0.10250743599902447,2.85794802589829,0,True,0.0,1.0,1.6666666666666667,0,0.008013023553181675,0.0033964403181775643,-0.00461658323500411,,,,0.0676899830577895,0.02639173498027958,0.09408171803806908
diagonal,52001,dynamic_tracking,misaligned,0.008242702373469805,0.09078932962341887,2.7985225077137263,0,True,0.0,1.0,1.3333333333333333,0,0.0026459385522755565,0.0024169421458766663,-0.0002289964063988902,,,,0.06781190204492304,0.025906604001647793,0.09371850604657084
diagonal,52001,cooperative_inventory,paired,0.009406411682364915,0.0969866572388435,3.147831031474441,0,True,0.0,1.0,4.333333333333333,0,0.0005221872627496666,0.000496110018891126,-2.6077243858540567e-05,0.0020620067136185,0.0011351845896038332,0.2705078125,0.10760765001759864,0.016954018996329978,0.12456166901392862
shuffled,52001,cooperative_inventory,paired,0.009537819450611516,0.0976617604316629,3.082008509235464,0,True,0.0,1.0,4.333333333333333,0,0.0003339257661701234,0.00035046492324090515,1.6539157070781768e-05,0.0021930805027347575,0.0007988534324779274,0.291015625,0.1008907569994335,0.016860303054272663,0.11775106005370617
dense,52001,cooperative_inventory,paired,0.009467029476389967,0.09729866122609276,3.0195474193433407,0,True,0.0,1.0,4.666666666666667,0,6.445893488578246e-05,1.0163955938350605e-05,-5.429497894743186e-05,0.0019626077543722703,0.000356374397140354,0.2294921875,0.09765996302303392,0.01823548795800889,0.11589545098104281
signed_intensity,52001,cooperative_inventory,paired,0.009361656059408911,0.09675565130476313,3.0691092809332514,0,True,0.0,1.0,4.333333333333333,0,0.00029137485539189583,0.000163192135571965,-0.00012818271981993083,0.0021952971998513617,0.0008576020423414234,0.25390625,0.10467291205713991,0.017144254976301454,0.12181716703344136
zero,52001,cooperative_inventory,paired,0.08756191672429632,0.29590862901290377,0.0,0,False,1.0,0.0,,3,0.0946264454919011,0.0946264454919011,0.0,0.011368668463431564,0.0,0.9580078125,0.0017270810349145904,0.00025609997828723863,0.001983181013201829
hold,52001,cooperative_inventory,paired,0.04384113543642565,0.2093827486600213,2.4711152509351706,0,False,1.0,0.3333333333333333,0.0,2,0.046992587127375425,0.044869065636805934,-0.002123521490569491,0.00048399714342586646,0.0,0.025390625,0.002299638988915831,0.00026798098406288773,0.0025676199729787186
paired,52001,cooperative_inventory,paired,0.009361656059408911,0.09675565130476313,3.069109280933252,0,True,0.0,1.0,4.333333333333333,0,0.0002913748553918955,0.00016319213557196497,-0.00012818271981993054,0.0021952971998513617,0.0008576020423414236,0.25390625,0.09967798400612082,0.01733810207224451,0.11701608607836533
paired_lesion,52001,cooperative_inventory,paired,0.009726351983686196,0.09862226920775143,3.2109581398512708,0,True,0.0,1.0,4.333333333333333,0,0.0003269636970803161,0.0011909071512964504,0.0008639434542161343,0.002025827273361919,0.0016181165524023194,0.26171875,0.10739300802379148,0.017071780981495976,0.12446478900528746
shuffled,52001,cooperative_inventory,diagonal,0.008546284523544605,0.09244611686568888,3.157190718882432,0,True,0.0,1.0,4.333333333333333,0,0.0002174194538205708,7.462237333889405e-05,-0.00014279708048167675,0.0008663912068006787,0.00038786896729004893,0.2158203125,0.09451531696686288,0.016824116006318945,0.11133943297318183
dense,52001,cooperative_inventory,diagonal,0.008611435911311954,0.09279782277247647,3.088075581793735,0,True,0.0,1.0,4.333333333333333,0,0.00027404780285852665,2.3732697435615827e-05,-0.00025031510542291083,0.0010746609594757233,0.00021618558059807909,0.216796875,0.09270128096250119,0.01768389603239484,0.11038517699489603
signed_intensity,52001,cooperative_inventory,diagonal,0.008476717725554446,0.0920690921295222,3.1305326557240893,0,True,0.0,1.0,4.333333333333333,0,0.0002470759079817288,5.095576166982213e-05,-0.00019612014631190664,0.0010796607825163454,0.00040673102587763946,0.2275390625,0.09754066995810717,0.017085703890188597,0.11462637384829577
zero,52001,cooperative_inventory,diagonal,0.08287381804024192,0.2878781305348531,0.0,0,False,1.0,0.0,,3,0.08674529008268016,0.08674529008268016,0.0,0.011368668463431564,0.0,0.9580078125,0.0017898079604492523,0.000269584015768487,0.0020593919762177393
hold,52001,cooperative_inventory,diagonal,0.04905692160009597,0.2214879716826536,2.4711152509351706,0,False,1.0,0.3333333333333333,0.0,2,0.05557966554207551,0.05450183089274817,-0.0010778346493273416,0.0003323478443033389,0.0,0.02734375,0.0018123450354323722,0.0002504759468138218,0.002062820982246194
paired,52001,cooperative_inventory,diagonal,0.008476717725554446,0.0920690921295222,3.13053265572409,0,True,0.0,1.0,4.333333333333333,0,0.00024707590798172895,5.0955761669822105e-05,-0.00019612014631190686,0.0010796607825163454,0.00040673102587763924,0.2275390625,0.11008948001835961,0.01884033602254931,0.12892981604090892
paired_lesion,52001,cooperative_inventory,diagonal,0.008942451737221049,0.09456453741874407,3.230140725664362,0,True,0.0,1.0,4.666666666666667,0,0.0003455686691634546,0.00016366159420918322,-0.0001819070749542714,0.0008266012684514685,0.0006810339212816338,0.18359375,0.11420787399401888,0.018003448014496826,0.1322113220085157
diagonal,52001,cooperative_inventory,diagonal,0.00854057185970803,0.09241521443846804,3.179618989345513,0,True,0.0,1.0,4.333333333333333,0,0.00026463904811598965,0.0001069471512403668,-0.00015769189687562285,0.0007585833242158569,0.0003627636045521491,0.1796875,0.12593694495444652,0.022775244040531106,0.14871218899497762
dense,52001,cooperative_inventory,misaligned,0.009245993529283413,0.09615608940302955,3.115350650476468,0,True,0.0,1.0,4.333333333333333,0,0.00011650314480741747,3.41587597646081e-05,-8.234438504280937e-05,0.0015018116815714772,0.0003340477995671722,0.169921875,0.09823300397692947,0.021327475013094954,0.11956047899002442
signed_intensity,52001,cooperative_inventory,misaligned,0.009470017837668394,0.09731401665571303,3.10638916138797,0,True,0.0,1.0,4.333333333333333,0,0.00024060596301973467,4.1027859219630766e-05,-0.0001995781038001039,0.0024746785906234734,0.0010289283671233878,0.2978515625,0.11930771799234208,0.025566289004927967,0.14487400699727004
zero,52001,cooperative_inventory,misaligned,0.0863922183291895,0.29392553194506515,0.0,0,False,1.0,0.0,,3,0.09098244844343734,0.09098244844343734,0.0,0.011368668463431564,0.0,0.9580078125,0.0017937960001290776,0.0002772370062302798,0.0020710330063593574
hold,52001,cooperative_inventory,misaligned,0.04314544701072336,0.20771482135544242,2.4711152509351706,0,False,1.0,0.3333333333333333,0.0,2,0.04685435840959547,0.044172563580581484,-0.0026817948290139837,0.00048399714342586646,0.0,0.025390625,0.0018078240245813504,0.00026697701105149463,0.002074801035632845
paired,52001,cooperative_inventory,misaligned,0.009470017837668394,0.09731401665571303,3.10638916138797,0,True,0.0,1.0,4.333333333333333,0,0.00024060596301973453,4.102785921963076e-05,-0.00019957810380010377,0.0024746785906234734,0.0010289283671233876,0.2978515625,0.13343416797579266,0.02452175998769235,0.157955927963485
paired_lesion,52001,cooperative_inventory,misaligned,0.010051767773947886,0.10025850474622033,3.175735641873013,0,True,0.0,1.0,4.333333333333333,0,0.000743013236735982,0.0008495150001712956,0.00010650176343531361,0.002449703331801021,0.0010462591186002305,0.26953125,0.12940384591638576,0.020367481010907795,0.14977132692729356
diagonal,52001,cooperative_inventory,misaligned,0.009485617310230895,0.09739413385944194,3.129555547842565,0,True,0.0,1.0,4.333333333333333,0,0.0008005480298892318,0.00037405244769163977,-0.00042649558219759204,0.002371430079098869,0.0008246095484144,0.28515625,0.09530885201093042,0.028793299970857333,0.12410215198178776
shuffled,52001,cooperative_inventory,misaligned,0.009565441307104239,0.09780307411888564,3.11768431650464,0,True,0.0,1.0,4.666666666666667,0,0.00027416037715958727,0.0004114818908886835,0.00013732151372909625,0.002264115158502662,0.0006915173464094285,0.26171875,0.09678555097343633,0.0175045069627231,0.11429005793615943
diagonal,52002,dynamic_tracking,paired,0.010099322003617735,0.10049538299652246,2.866747561991907,0,True,0.0,1.0,2.6666666666666665,0,0.003353536976702497,0.00485564276061653,0.0015021057839140332,,,,0.06984515000658575,0.025468565945629962,0.09531371595221572
shuffled,52002,dynamic_tracking,paired,0.0055132656656445116,0.07425136810621412,2.8722285912640593,0,True,0.0,1.0,1.0,0,0.0014439307066346856,0.001993083132686896,0.0005491524260522102,,,,0.06852526693546679,0.027330849014106207,0.095856115949573
dense,52002,dynamic_tracking,paired,0.00219735715979041,0.04687597636092938,2.79673330961162,0,True,0.0,1.0,1.0,0,6.930160970372469e-05,7.703851491274413e-05,7.736905209019445e-06,,,,0.06783938300213777,0.02789016799943056,0.09572955100156832
signed_intensity,52002,dynamic_tracking,paired,0.006747270257794732,0.08214176926384488,2.868101702060036,0,True,0.0,1.0,3.0,0,0.0005879337008552196,0.002779437565376459,0.0021915038645212393,,,,0.0708274630305823,0.028333472939266358,0.09916093596984865
zero,52002,dynamic_tracking,paired,0.22555905286388328,0.4749305768887525,0.0,0,False,1.0,0.0,,3,0.20008574971499196,0.20475739446844243,0.004671644753450471,,,,0.0016974609970930032,0.00027453398797661066,0.001971994985069614
hold,52002,dynamic_tracking,paired,0.09942801968680126,0.31532208880254686,2.47910670584732,0,False,1.0,0.0,,3,0.10517696090556235,0.10627273283340868,0.0010957719278463368,,,,0.0019790189326158725,0.0002968839107779786,0.002275902843393851
paired,52002,dynamic_tracking,paired,0.006747270257794732,0.08214176926384488,2.868101702060036,0,True,0.0,1.0,3.0,0,0.0005879337008552195,0.002779437565376455,0.0021915038645212354,,,,0.06826744402496843,0.026755607970699202,0.09502305199566763
paired_lesion,52002,dynamic_tracking,paired,0.014642767527532422,0.121007303612354,2.9780038522390457,0,True,0.0,1.0,2.6666666666666665,0,0.009648968309437468,0.006398494603632683,-0.0032504737058047847,,,,0.07219775604608003,0.027930369971727487,0.10012812601780752
shuffled,52002,dynamic_tracking,diagonal,0.0023101088080405576,0.0480635912936243,2.8595410440644087,0,True,0.0,1.0,1.0,0,0.00038233385637112646,0.00040040259461806703,1.8068738246940566e-05,,,,0.06642810599441873,0.02608019398758188,0.09250829998200061
dense,52002,dynamic_tracking,diagonal,0.001557315592485341,0.039462838120000204,2.7862129681887744,0,True,0.0,1.0,1.0,0,6.845681775667007e-05,6.202781997504642e-05,-6.428997781623654e-06,,,,0.0676938760370831,0.027439611993031576,0.09513348803011468
signed_intensity,52002,dynamic_tracking,diagonal,0.002651326971410965,0.05149103777756829,2.8609910224642685,0,True,0.0,1.0,1.0,0,0.0004485253608848723,0.0006691821894826578,0.0002206568285977855,,,,0.0689929059590213,0.026681666015065275,0.09567457197408658
zero,52002,dynamic_tracking,diagonal,0.19405067971239728,0.44051183833399676,0.0,0,False,1.0,0.0,,3,0.18569363717616716,0.18995332698756326,0.0042596898113961,,,,0.001910209990455769,0.00028899902827106416,0.002199209018726833
hold,52002,dynamic_tracking,diagonal,0.09162205997021805,0.30269136091110704,2.47910670584732,0,False,1.0,0.0,,3,0.10622044547898354,0.1078579277529738,0.0016374822739902567,,,,0.0018261150253238156,0.0002771450308500789,0.0021032600561738946
paired,52002,dynamic_tracking,diagonal,0.0026513269714109654,0.0514910377775683,2.860991022464269,0,True,0.0,1.0,1.0,0,0.0004485253608848722,0.0006691821894826578,0.0002206568285977856,,,,0.06949183493270539,0.026778666964673903,0.09627050189737929
paired_lesion,52002,dynamic_tracking,diagonal,0.0052156691429036586,0.07221958974477534,3.00045848510699,0,True,0.0,1.0,1.0,0,0.003953748358788934,0.0003826137869440293,-0.003571134571844905,,,,0.07171797200862784,0.029610480036353692,0.10132845204498153
diagonal,52002,dynamic_tracking,diagonal,0.0033168823051868794,0.057592380617464314,2.906135824933634,0,True,0.0,1.0,1.0,0,0.0009356640977322959,0.0004639888847031352,-0.0004716752130291607,,,,0.0823186779525713,0.028447412019886542,0.11076608997245785
dense,52002,dynamic_tracking,misaligned,0.0025749272407345884,0.05074374090205203,2.793158652608075,0,True,0.0,1.0,1.0,0,8.226281771095005e-05,5.4249096093405316e-05,-2.8013721617544735e-05,,,,0.07098450695048086,0.03003146300034132,0.10101596995082218
signed_intensity,52002,dynamic_tracking,misaligned,0.007535291505399803,0.0868060568474332,2.8863312796285747,0,True,0.0,1.0,1.0,0,0.0038784395769893287,0.00209309466594124,-0.0017853449110480889,,,,0.08451532300387044,0.03379283397225663,0.11830815697612707
zero,52002,dynamic_tracking,misaligned,0.22501234699604572,0.4743546637233007,0.0,0,False,1.0,0.0,,3,0.21959744751323745,0.2246659872720504,0.00506853975881294,,,,0.0017101549965445884,0.00025855706189759076,0.001968712058442179
hold,52002,dynamic_tracking,misaligned,0.10523316089637093,0.3243966104884127,2.47910670584732,0,False,1.0,0.0,,3,0.14016061800522842,0.14165328859327656,0.0014926705880481395,,,,0.0017312180279986933,0.00025878897577058524,0.0019900070037692785
paired,52002,dynamic_tracking,misaligned,0.007535291505399803,0.0868060568474332,2.8863312796285747,0,True,0.0,1.0,1.0,0,0.003878439576989329,0.00209309466594124,-0.0017853449110480893,,,,0.08430017898353981,0.0309584850401734,0.11525866402371321
paired_lesion,52002,dynamic_tracking,misaligned,0.011812961169397436,0.1086874471565021,3.0100577522114538,0,True,0.0,1.0,1.3333333333333333,0,0.009215637708381737,0.0037651059126949885,-0.005450531795686749,,,,0.07658944204013096,0.03215367201482877,0.10874311405495973
diagonal,52002,dynamic_tracking,misaligned,0.010197838313788983,0.10098434687509239,2.9179081659940644,0,True,0.0,1.0,1.3333333333333333,0,0.0033104460967389566,0.002927395033713414,-0.0003830510630255424,,,,0.0843321900247247,0.03444295698136557,0.11877514700609026
shuffled,52002,dynamic_tracking,misaligned,0.008539255022279839,0.09240808959328095,2.91000659306247,0,True,0.0,1.0,1.6666666666666667,0,0.0015184017578867967,0.001782301314945752,0.00026389955705895534,,,,0.07104611201793887,0.03100122902833391,0.10204734104627278
shuffled,52002,cooperative_inventory,paired,0.009897701713240364,0.09948719371477097,3.13748495610926,0,True,0.0,1.0,4.666666666666667,0,0.00029974326238427543,0.00039075804628892273,9.10147839046473e-05,0.0016324862135143302,0.0019910682812272367,0.2919921875,0.09234784798172768,0.01823254599730717,0.11058039397903485
dense,52002,cooperative_inventory,paired,0.009403518893423609,0.09697174275748378,3.079311916068818,0,True,0.0,1.0,4.666666666666667,0,6.0963267671041804e-05,2.8866800815569827e-05,-3.209646685547198e-05,0.0013291038743986443,0.0014474794483091175,0.2275390625,0.09025843699055258,0.018895094057370443,0.10915353104792302
signed_intensity,52002,cooperative_inventory,paired,0.009425969291132716,0.09708743116970762,3.1232159995898496,0,True,0.0,1.0,4.666666666666667,0,0.0004369614977993543,6.73944650788078e-05,-0.0003695670327205465,0.0013219587806274958,0.001558012676101889,0.208984375,0.09499317103473004,0.018463653956132475,0.11345682499086251
zero,52002,cooperative_inventory,paired,0.08441024976926954,0.29053442097154264,0.0,0,False,1.0,0.0,,3,0.07735939715440224,0.07735939715440224,0.0,0.011582163809337416,0.0,0.962890625,0.001709132018731907,0.0002802170056384057,0.0019893490243703127
hold,52002,cooperative_inventory,paired,0.04202125009976117,0.2049908536978203,2.3346657199016807,0,False,1.0,0.3333333333333333,7.0,2,0.03576041583353716,0.03445534020860753,-0.0013050756249296316,0.0004783831431536644,0.0,0.0576171875,0.0019426719591137953,0.00025816302513703704,0.0022008349842508323
paired,52002,cooperative_inventory,paired,0.009425969291132716,0.09708743116970762,3.1232159995898496,0,True,0.0,1.0,4.666666666666667,0,0.00043696149779935407,6.739446507880767e-05,-0.0003695670327205464,0.0013219587806274954,0.0015580126761018888,0.208984375,0.09621348799555562,0.018058970948914066,0.11427245894446969
paired_lesion,52002,cooperative_inventory,paired,0.009944437183237217,0.0997217989370289,3.1757925103625726,0,True,0.0,1.0,4.666666666666667,0,0.0009579604247753587,0.0015549509257215984,0.0005969905009462397,0.0016153455652739537,0.0018296072941824926,0.2919921875,0.10236447400529869,0.01657492996309884,0.11893940396839753
diagonal,52002,cooperative_inventory,paired,0.009764255222463332,0.09881424605016896,3.1931278599962143,0,True,0.0,1.0,4.666666666666667,0,0.0009899939333294886,0.000579041988514595,-0.00041095194481489353,0.0015836267407011305,0.0020056828337264854,0.2890625,0.10586008400423452,0.016269453029963188,0.12212953703419771
dense,52002,cooperative_inventory,diagonal,0.008653926483734383,0.09302648270108026,3.1328879720833074,0,True,0.0,1.0,4.666666666666667,0,0.0001253920617261241,8.890791905296446e-05,-3.6484142673159635e-05,0.0009709609333069676,0.0008092956716977404,0.1962890625,0.08921293795719976,0.029501821016310714,0.11871475897351047
signed_intensity,52002,cooperative_inventory,diagonal,0.008666279392640586,0.09309285360671132,3.1445569372507327,0,True,0.0,1.0,4.666666666666667,0,0.00038834183881610956,0.00010735947130734843,-0.00028098236750876115,0.0008894184389181018,0.0005236711586935481,0.22265625,0.0979457459616242,0.0181360880160355,0.1160818339776597
zero,52002,cooperative_inventory,diagonal,0.07419975385284439,0.27239631761983196,0.0,0,False,1.0,0.0,,3,0.07301533927997826,0.07301533927997826,0.0,0.011582163809337416,0.0,0.962890625,0.0018105859926436096,0.00029833898588549346,0.002108924978529103
hold,52002,cooperative_inventory,diagonal,0.04358117383581148,0.208761044823529,2.3346657199016807,0,False,1.0,0.3333333333333333,0.0,2,0.04484324132970132,0.04419937725928833,-0.0006438640704129889,0.00023745815044915543,0.0,0.029296875,0.0018091240199282765,0.0002673779963515699,0.0020765020162798464
paired,52002,cooperative_inventory,diagonal,0.008666279392640586,0.09309285360671132,3.1445569372507327,0,True,0.0,1.0,4.666666666666667,0,0.0003883418388161096,0.0001073594713073483,-0.0002809823675087613,0.0008894184389181018,0.0005236711586935483,0.22265625,0.10333472000638722,0.019614030956290662,0.12294875096267788
paired_lesion,52002,cooperative_inventory,diagonal,0.008837757718251075,0.09400934910024149,3.198180930303564,0,True,0.0,1.0,4.666666666666667,0,0.00046464270153685576,0.0003991503389895384,-6.549236254731737e-05,0.0006333302837825028,0.0005316159047992828,0.162109375,0.11755413895298261,0.0194806909566978,0.1370348299096804
diagonal,52002,cooperative_inventory,diagonal,0.008630858068198986,0.09290241153058938,3.1848911348644346,0,True,0.0,1.0,4.666666666666667,0,0.0006055470766876323,0.00028717633253980525,-0.000318370744147827,0.0005937902100528478,0.0005644623281788814,0.169921875,0.10179454497847473,0.017491317048552446,0.11928586202702718
shuffled,52002,cooperative_inventory,diagonal,0.008663342553017404,0.0930770785586731,3.1753069318663254,0,True,0.0,1.0,4.666666666666667,0,0.00039652865143595633,0.00014075025282984805,-0.0002557783986061083,0.0007078551166790191,0.0007291608537152148,0.1748046875,0.09852385098201921,0.017824793976615183,0.1163486449586344
signed_intensity,52002,cooperative_inventory,misaligned,0.009037973188010136,0.09506825541688528,3.0973331455052504,0,True,0.0,1.0,4.333333333333333,0,0.0001553835538241247,8.678888668965575e-05,-6.859466713446895e-05,0.001648611530626007,0.0008985507091553002,0.2548828125,0.08846828105743043,0.017682162957498804,0.10615044401492923
zero,52002,cooperative_inventory,misaligned,0.07789760061383039,0.27910141635941293,0.0,0,False,1.0,0.0,,3,0.07478633653770486,0.07478633653770486,0.0,0.011582163809337416,0.0,0.962890625,0.001639128924580291,0.0002762290241662413,0.0019153579487465322
hold,52002,cooperative_inventory,misaligned,0.039019142690316075,0.19753263702567248,2.3346657199016807,0,False,1.0,0.3333333333333333,4.0,2,0.036421805319490616,0.0346677732026215,-0.0017540321168691142,0.0004732925134876096,0.0,0.0556640625,0.0017077610027627088,0.00023915900965221226,0.001946920012414921
paired,52002,cooperative_inventory,misaligned,0.009037973188010136,0.09506825541688528,3.0973331455052504,0,True,0.0,1.0,4.333333333333333,0,0.0001553835538241247,8.678888668965575e-05,-6.859466713446895e-05,0.001648611530626007,0.0008985507091553,0.2548828125,0.0872624310068204,0.01821076997293858,0.10547320097975899
paired_lesion,52002,cooperative_inventory,misaligned,0.009666543834464966,0.09831858336278532,3.1304536407003996,0,True,0.0,1.0,4.333333333333333,0,0.0008617228161273752,0.0012715388836068262,0.000409816067479451,0.0016492220586437243,0.0007686428319118582,0.2578125,0.10086191499431152,0.018464020045939833,0.11932593504025135
diagonal,52002,cooperative_inventory,misaligned,0.00922076008487026,0.09602478890823067,3.1110562605302485,0,True,0.0,1.0,4.333333333333333,0,0.0009423203020905134,0.0005182083441495405,-0.0004241119579409729,0.0018073365853131008,0.0009236101915329894,0.279296875,0.08694957800616976,0.016969113974482752,0.10391869198065251
shuffled,52002,cooperative_inventory,misaligned,0.009440387067745703,0.09716165430737428,3.136030688660471,0,True,0.0,1.0,4.333333333333333,0,0.0004179609518001769,0.0005551544073349646,0.00013719345553478765,0.0017178272364913713,0.0010880653878895712,0.275390625,0.08484531298745424,0.01790169502783101,0.10274700801528525
dense,52002,cooperative_inventory,misaligned,0.009259773597887908,0.09622771740973547,3.1338610696055706,0,True,0.0,1.0,4.666666666666667,0,0.0001192263418835909,7.883968561973578e-05,-4.038665626385511e-05,0.0012807322671647718,0.0010425959125095583,0.1806640625,0.11091650096932426,0.022079550006310456,0.13299605097563472
shuffled,52003,dynamic_tracking,paired,0.00675076207815363,0.08216302135482623,2.9494203441816094,0,True,0.0,1.0,1.3333333333333333,0,0.002685146727945984,0.0025964972009828403,-8.86495269631438e-05,,,,0.072267981035111,0.02858637800818542,0.10085435904329643
dense,52003,dynamic_tracking,paired,0.002765909617530769,0.05259191589522832,2.84816263544747,0,True,0.0,1.0,1.0,0,8.05248937652386e-05,7.84017202387134e-05,-2.1231735265252004e-06,,,,0.0902669890128891,0.044597336993319914,0.134864326006209
signed_intensity,52003,dynamic_tracking,paired,0.007012276838573154,0.08373933865617254,2.924982261539113,0,True,0.0,1.0,3.3333333333333335,0,0.00044942173806079985,0.001588764064836799,0.0011393423267759993,,,,0.06914535800751764,0.027284110015898477,0.09642946802341612
zero,52003,dynamic_tracking,paired,0.23295930028081502,0.48265857526911815,0.0,0,False,1.0,0.0,,3,0.21307256212246492,0.21257716879950522,-0.0004953933229596974,,,,0.0017203600073116831,0.0002563139933045022,0.0019766740006161854
hold,52003,dynamic_tracking,paired,0.10208198818779064,0.319502720157107,2.3734188638117,0,False,1.0,0.0,,3,0.09966594089289788,0.10151096098341311,0.001845020090515237,,,,0.0016991370430332609,0.00027086601039627567,0.0019700030534295365
paired,52003,dynamic_tracking,paired,0.007012276838573155,0.08373933865617256,2.924982261539113,0,True,0.0,1.0,3.3333333333333335,0,0.00044942173806079974,0.001588764064836799,0.0011393423267759993,,,,0.07234728702314897,0.027320843044435605,0.09966813006758457
paired_lesion,52003,dynamic_tracking,paired,0.01745911551235242,0.13213294635461825,3.0494142309361867,0,True,0.0,1.0,3.6666666666666665,0,0.012791210432903287,0.007653731737526738,-0.005137478695376549,,,,0.08214723796845647,0.026527990979957394,0.10867522894841386
diagonal,52003,dynamic_tracking,paired,0.011456489163089997,0.10703499036805673,2.9198381766883528,0,True,0.0,1.0,3.6666666666666665,0,0.002970545189889106,0.005285739859690133,0.0023151946698010267,,,,0.06846783999935724,0.024177005994715728,0.09264484599407297
dense,52003,dynamic_tracking,diagonal,0.0018507057967138132,0.04301983027295451,2.8257159947110395,0,True,0.0,1.0,0.6666666666666666,0,5.937063120904475e-05,5.511482018230142e-05,-4.255811026743335e-06,,,,0.06837243196787313,0.02912951904727379,0.09750195101514691
signed_intensity,52003,dynamic_tracking,diagonal,0.0026717665314760757,0.05168913359184961,2.8946569371462223,0,True,0.0,1.0,1.0,0,0.00037577771768276125,0.00039753761185935246,2.1759894176591216e-05,,,,0.07025023701862665,0.026549577982223127,0.09679981500084978
zero,52003,dynamic_tracking,diagonal,0.19451646651449045,0.441040209634553,0.0,0,False,1.0,0.0,,3,0.19641859471930498,0.19615892245435063,-0.0002596722649543526,,,,0.0018272890520165674,0.00025660600658738986,0.0020838950586039573
hold,52003,dynamic_tracking,diagonal,0.08914566902398993,0.29857271982548894,2.3734188638117,0,False,1.0,0.0,,3,0.09649827010888011,0.09789746122214875,0.0013991911132686385,,,,0.001718105013424065,0.00024108801153488457,0.0019591930249589495
paired,52003,dynamic_tracking,diagonal,0.0026717665314760757,0.05168913359184961,2.8946569371462223,0,True,0.0,1.0,1.0,0,0.00037577771768276125,0.00039753761185935246,2.1759894176591216e-05,,,,0.08235859004344093,0.027151890040840954,0.10951048008428188
paired_lesion,52003,dynamic_tracking,diagonal,0.005716558016404699,0.07560792297375123,3.054406806805308,0,True,0.0,1.0,1.3333333333333333,0,0.00649142269769617,0.0005199473399451817,-0.005971475357750988,,,,0.06810006695741322,0.026927036968118045,0.09502710392553126
diagonal,52003,dynamic_tracking,diagonal,0.0032370240900550214,0.0568948511735027,2.9464230746811615,0,True,0.0,1.0,1.0,0,0.0007522990771675162,0.00045078465471933753,-0.00030151442244817867,,,,0.0703725540151936,0.025028479023603722,0.09540103303879732
shuffled,52003,dynamic_tracking,diagonal,0.002602038013446685,0.051010175587295176,2.902444366997266,0,True,0.0,1.0,0.6666666666666666,0,0.00034192201318203796,0.0003205864178749922,-2.1335595307045777e-05,,,,0.06616981498518726,0.02491357998951571,0.09108339497470297
signed_intensity,52003,dynamic_tracking,misaligned,0.00635319228274371,0.07970691489917114,2.8845830236573127,0,True,0.0,1.0,1.3333333333333333,0,0.0014449130542654959,0.0012847759365511126,-0.00016013711771438325,,,,0.07056262693367898,0.025645002955570817,0.0962076298892498
zero,52003,dynamic_tracking,misaligned,0.2220744103209666,0.47124771651538705,0.0,0,False,1.0,0.0,,3,0.22340943459685497,0.22308465928634819,-0.0003247753105067863,,,,0.001624597040063236,0.000272347911959514,0.00189694495202275
hold,52003,dynamic_tracking,misaligned,0.09670471966864355,0.3109738247323134,2.3734188638117,0,False,1.0,0.0,,3,0.1186033379243622,0.12061897719653421,0.0020156392721720068,,,,0.0016837079674587585,0.00023515595239587128,0.0019188639198546298
paired,52003,dynamic_tracking,misaligned,0.006353192282743709,0.07970691489917113,2.8845830236573127,0,True,0.0,1.0,1.3333333333333333,0,0.0014449130542654963,0.0012847759365511124,-0.0001601371177143839,,,,0.0725388969949563,0.026805108951521106,0.09934400594647741
paired_lesion,52003,dynamic_tracking,misaligned,0.013961916038316435,0.11816055195502616,3.0684098251858543,0,True,0.0,1.0,2.6666666666666665,0,0.013866980124715479,0.004788070196442455,-0.009078909928273024,,,,0.08037606296420563,0.027128533998620696,0.10750459696282633
diagonal,52003,dynamic_tracking,misaligned,0.009339839332954406,0.096642844189078,2.9318362155651343,0,True,0.0,1.0,1.3333333333333333,0,0.0028316565458324826,0.0027217166510152026,-0.00010993989481728004,,,,0.06855638001434272,0.024485182962962426,0.09304156297730515
shuffled,52003,dynamic_tracking,misaligned,0.007393076608805391,0.08598300185970126,2.92671839155485,0,True,0.0,1.0,1.6666666666666667,0,0.002332766835864748,0.0023095405851850915,-2.322625067965661e-05,,,,0.06645752501935931,0.025002209964441136,0.09145973498380044
dense,52003,dynamic_tracking,misaligned,0.002798439991336453,0.05290028347122965,2.8392148828451487,0,True,0.0,1.0,1.0,0,5.735196300833448e-05,6.898153697583809e-05,1.1629573967503605e-05,,,,0.06775992899929406,0.025749071974132676,0.09350900097342674
dense,52003,cooperative_inventory,paired,0.010042451587769577,0.10021203314856743,2.943686108707012,0,True,0.0,1.0,5.0,0,0.00012158287208379286,8.287575803389654e-06,-0.00011329529628040321,0.0018526326316969759,0.0005834090610303518,0.2177734375,0.08553305499663111,0.019265782997536007,0.10479883799416712
signed_intensity,52003,cooperative_inventory,paired,0.009923370520971338,0.09961611576934395,3.0493408970210227,0,True,0.0,1.0,4.666666666666667,0,0.0006150519479140367,0.00017715457927116864,-0.00043789736864286805,0.0019952168601576202,0.0015479008457789907,0.2392578125,0.0957561750037712,0.017090399967855774,0.11284657497162698
zero,52003,cooperative_inventory,paired,0.08919594954421414,0.2986569094198461,0.0,0,False,1.0,0.0,,3,0.08793677640978165,0.08793677640978165,0.0,0.011494790714048417,0.0,0.9521484375,0.0033850730324047618,0.00030562097526853904,0.003690694007673301
hold,52003,cooperative_inventory,paired,0.04456405686209708,0.21110200582206007,2.2997192647977203,0,False,1.0,0.0,,3,0.04060987803218427,0.036465519359049126,-0.004144358673135146,0.0006335305779168543,0.0,0.041015625,0.0016940820351010188,0.0002506250311853364,0.0019447070662863553
paired,52003,cooperative_inventory,paired,0.00992337052097134,0.09961611576934397,3.0493408970210227,0,True,0.0,1.0,4.666666666666667,0,0.0006150519479140367,0.00017715457927116896,-0.0004378973686428677,0.0019952168601576202,0.0015479008457789903,0.2392578125,0.09248597298574168,0.01678919194819173,0.10927516493393341
paired_lesion,52003,cooperative_inventory,paired,0.01042192452053728,0.10208782748465794,3.17129555175766,0,True,0.0,1.0,4.666666666666667,0,0.0015916920375981859,0.0018454034447728319,0.000253711407174646,0.0020701895092083847,0.0021386901842428306,0.2822265625,0.10753442199347774,0.017738368987920694,0.12527279098139843
diagonal,52003,cooperative_inventory,paired,0.010226865874302691,0.10112796781456004,3.1531248287161997,0,True,0.0,1.0,5.0,0,0.0017264261947530471,0.0009647386054203909,-0.0007616875893326562,0.0020888960483030827,0.002052434551050527,0.2822265625,0.0877110840374371,0.016276780996122397,0.1039878650335595
shuffled,52003,cooperative_inventory,paired,0.010431938762731584,0.10213686289842461,3.046487677198092,0,True,0.0,1.0,5.0,0,0.0004072361280671492,0.0007728476014242926,0.0003656114733571434,0.0023568668506580882,0.0015713238160307503,0.3291015625,0.09319656601292081,0.015659299009712413,0.10885586502263322
signed_intensity,52003,cooperative_inventory,diagonal,0.009389846782135171,0.09690122177834071,3.0629211290884104,0,True,0.0,1.0,4.666666666666667,0,0.0004359143740465109,0.00010488563716744487,-0.00033102873687906604,0.001198702568624063,0.00029556177850309566,0.193359375,0.09599872700346168,0.01805625901761232,0.114054986021074
zero,52003,cooperative_inventory,diagonal,0.0750362695712879,0.2739274896232357,0.0,0,False,1.0,0.0,,3,0.08763875849825348,0.08763875849825348,0.0,0.011494790714048417,0.0,0.9521484375,0.001765927991073113,0.0002645090426085517,0.0020304370336816646
hold,52003,cooperative_inventory,diagonal,0.04654018213776767,0.2157317365103421,2.2997192647977203,0,False,1.0,0.3333333333333333,0.0,2,0.05688245147131117,0.05454147211725073,-0.0023409793540604407,0.00045046109593285886,0.0,0.0302734375,0.0017994649824686348,0.0002752190048340708,0.0020746839873027056
paired,52003,cooperative_inventory,diagonal,0.009389846782135171,0.09690122177834071,3.0629211290884104,0,True,0.0,1.0,4.666666666666667,0,0.0004359143740465109,0.0001048856371674449,-0.00033102873687906604,0.0011987025686240633,0.00029556177850309577,0.193359375,0.10164103904389776,0.018545634993643034,0.1201866740375408
paired_lesion,52003,cooperative_inventory,diagonal,0.009913265745410207,0.09956538427289982,3.1737415345144235,0,True,0.0,1.0,5.0,0,0.0005605191134913936,0.00030079888118941496,-0.0002597202323019786,0.0007890614714704282,0.0005071506228538401,0.146484375,0.10251256397896213,0.01759316509560449,0.12010572907456663
diagonal,52003,cooperative_inventory,diagonal,0.009496228270308325,0.0974485929621784,3.123365793444767,0,True,0.0,1.0,4.666666666666667,0,0.000650718795504499,0.00023494589367985892,-0.00041577290182464005,0.0006751447261937436,0.00020265519693562248,0.11328125,0.09873895996133797,0.029271857980347704,0.12801081794168567
shuffled,52003,cooperative_inventory,diagonal,0.009286009102577163,0.09636394088338834,3.1020111001306203,0,True,0.0,1.0,4.666666666666667,0,0.00022673896818454277,7.028712713745143e-05,-0.00015645184104709134,0.0007716487325231983,0.0003226127872277808,0.15625,0.09393801398255164,0.019011200005479623,0.11294921398803126
dense,52003,cooperative_inventory,diagonal,0.00924115448522186,0.09613092366778685,3.0140199816474196,0,True,0.0,1.0,4.666666666666667,0,8.106312432145922e-05,1.979959595814825e-05,-6.126352836331097e-05,0.001144846771393585,0.0001267539811615085,0.1796875,0.10385911702178419,0.025856594016659074,0.12971571103844326
zero,52003,cooperative_inventory,misaligned,0.0815290626469046,0.28553294494139303,0.0,0,False,1.0,0.0,,3,0.09373920002715591,0.09373920002715591,0.0,0.011494790714048417,0.0,0.9521484375,0.0016407400471507572,0.00024607605882920325,0.0018868161059799604
hold,52003,cooperative_inventory,misaligned,0.041224961438220936,0.20303931008112922,2.2997192647977203,0,False,1.0,0.0,,3,0.04771884698666788,0.042815305907945925,-0.004903541078721957,0.0006335305779168543,0.0,0.041015625,0.0016792519891168922,0.00028993400337640196,0.001969185992493294
paired,52003,cooperative_inventory,misaligned,0.011377824470048517,0.10666688553646121,3.0524103602513497,0,True,0.0,1.0,5.0,0,0.0003726143044007347,0.00014509853889398803,-0.0002275157655067467,0.002728955603988216,0.000597518128882776,0.2294921875,0.08883186195453163,0.01812687895289855,0.10695874090743018
paired_lesion,52003,cooperative_inventory,misaligned,0.01195098303551409,0.10932055175269693,3.1301946001268743,0,True,0.0,1.0,5.333333333333333,0,0.0008383040378378198,0.0013372124923875042,0.0004989084545496844,0.002870440956809925,0.0007928085800672482,0.2578125,0.09785292692686198,0.01601256897993153,0.11386549590679351
diagonal,52003,cooperative_inventory,misaligned,0.011544570739514039,0.10744566412617142,3.079667712030991,0,True,0.0,1.0,5.333333333333333,0,0.0012405671588835011,0.000654634946027619,-0.0005859322128558822,0.0028411520892147072,0.0005964796770444545,0.2646484375,0.08721603902085917,0.015158998990955297,0.10237503801181447
shuffled,52003,cooperative_inventory,misaligned,0.011634467937794896,0.10786319083818584,3.039949010838718,0,True,0.0,1.0,5.666666666666667,0,0.0005412642313625265,0.0006268481795456476,8.558394818312107e-05,0.0030764513127160297,0.0007268066103466686,0.263671875,0.08555296604026807,0.01648775997455232,0.1020407260148204
dense,52003,cooperative_inventory,misaligned,0.010246865142654353,0.1012268005157446,2.969650401396536,0,True,0.0,1.0,4.666666666666667,0,6.960205154472959e-05,0.00010227534577213374,3.267329422740415e-05,0.002349583845159379,0.0001822632732916808,0.189453125,0.08211039395973785,0.018284709985891823,0.10039510394562967
signed_intensity,52003,cooperative_inventory,misaligned,0.011377824470048517,0.10666688553646121,3.0524103602513497,0,True,0.0,1.0,5.0,0,0.00037261430440073466,0.0001450985388939881,-0.00022751576550674655,0.002728955603988216,0.0005975181288827762,0.2294921875,0.10866574506508186,0.020827025997277815,0.12949277106235968
dense,52004,dynamic_tracking,paired,0.002163037254472731,0.04650846433148197,2.6566701001072417,0,True,0.0,1.0,1.0,0,4.780328887440129e-05,0.0001013853428320052,5.3582053957603904e-05,,,,0.06829836099495878,0.02778561603918206,0.09608397703414084
signed_intensity,52004,dynamic_tracking,paired,0.006919088382826356,0.08318105783666349,2.713011493567221,0,True,0.0,1.0,3.6666666666666665,0,0.0004919688885106006,0.0018560698732572756,0.001364100984746675,,,,0.06944023701362312,0.031221300981997047,0.10066153799562017
zero,52004,dynamic_tracking,paired,0.2082385858090855,0.456331662071662,0.0,0,False,1.0,0.0,,3,0.19903343000909543,0.19536082187131476,-0.0036726081377806696,,,,0.001667855009145569,0.000269126016064547,0.001936981025210116
hold,52004,dynamic_tracking,paired,0.08558406827518147,0.2925475487423907,2.236039300932436,0,False,1.0,0.0,,3,0.08674270893299635,0.08512747742369192,-0.0016152315093044267,,,,0.0018312900283490308,0.00025599999935366213,0.002087290027702693
paired,52004,dynamic_tracking,paired,0.006919088382826356,0.08318105783666349,2.7130114935672216,0,True,0.0,1.0,3.6666666666666665,0,0.0004919688885106007,0.0018560698732572752,0.0013641009847466744,,,,0.06760627097537508,0.027144951018271968,0.09475122199364705
paired_lesion,52004,dynamic_tracking,paired,0.016355126709087474,0.1278871639731192,2.8107882590751805,0,True,0.0,1.0,1.0,0,0.009482973082616062,0.006644896141694105,-0.002838076940921957,,,,0.07062818497797707,0.027539592985704076,0.09816777796368115
diagonal,52004,dynamic_tracking,paired,0.010339530955256004,0.10168348418133598,2.714295689724536,0,True,0.0,1.0,3.6666666666666665,0,0.0025097958767413037,0.0034792056325387045,0.0009694097557974009,,,,0.07814053299080115,0.02571645690477453,0.10385698989557568
shuffled,52004,dynamic_tracking,paired,0.0056394333206609745,0.07509616049213817,2.7290826514190076,0,True,0.0,1.0,1.0,0,0.0019893528310003586,0.001706784314970032,-0.0002825685160303265,,,,0.06897974704043008,0.02767087600659579,0.09665062304702587
signed_intensity,52004,dynamic_tracking,diagonal,0.002320599545943834,0.04817260161070641,2.7001347438082712,0,True,0.0,1.0,1.0,0,0.0003127055163858075,0.0004305000525129069,0.00011779453612709937,,,,0.07913203901262023,0.0295575890049804,0.10868962801760063
zero,52004,dynamic_tracking,diagonal,0.1735315848018785,0.4165712241644621,0.0,0,False,1.0,0.0,,3,0.18027296703608464,0.1771772327792083,-0.0030957342568763424,,,,0.0019564699905458838,0.0003042180178454146,0.0022606880083912984
hold,52004,dynamic_tracking,diagonal,0.07623438122442358,0.2761057428312993,2.236039300932436,0,False,1.0,0.0,,3,0.08682580933012457,0.08501939346915789,-0.0018064158609666786,,,,0.0033599009839235805,0.00040231499588117003,0.0037622159798047505
paired,52004,dynamic_tracking,diagonal,0.002320599545943834,0.04817260161070641,2.7001347438082712,0,True,0.0,1.0,1.0,0,0.0003127055163858075,0.00043050005251290706,0.00011779453612709953,,,,0.07538713599933544,0.030774150938668754,0.1061612869380042
paired_lesion,52004,dynamic_tracking,diagonal,0.004377862180244512,0.06616541528808319,2.8159765645694748,0,True,0.0,1.0,1.0,0,0.003291904898577937,0.0004226629419328775,-0.0028692419566450594,,,,0.0794653630364337,0.03026004004641436,0.10972540308284806
diagonal,52004,dynamic_tracking,diagonal,0.002789365587332578,0.05281444487384657,2.7342834633465514,0,True,0.0,1.0,1.0,0,0.0005413303412694275,0.00028679745683955,-0.00025453288442987745,,,,0.07509713197941892,0.029333082944503985,0.1044302149239229
shuffled,52004,dynamic_tracking,diagonal,0.0019154800787634452,0.04376619790161632,2.691239431996744,0,True,0.0,1.0,0.6666666666666666,0,0.00025504193219560805,0.000164119456928754,-9.092247526685404e-05,,,,0.07529177606920712,0.029907349024142604,0.10519912509334972
dense,52004,dynamic_tracking,diagonal,0.0013131893081468051,0.03623795397296604,2.635611220531202,0,True,0.0,1.0,0.3333333333333333,0,4.8337101646418606e-05,6.297632047616267e-05,1.4639218829744066e-05,,,,0.07205422200786415,0.030461520997050684,0.10251574300491484
zero,52004,dynamic_tracking,misaligned,0.20141394469041074,0.4487916495328436,0.0,0,False,1.0,0.0,,3,0.2129678591287176,0.2090490046711589,-0.0039188544575587125,,,,0.0017047440051101148,0.00033101599547080696,0.0020357600005809218
hold,52004,dynamic_tracking,misaligned,0.08588681987682656,0.2930645319325192,2.236039300932436,0,False,1.0,0.0,,3,0.10868803094637818,0.10682655490653108,-0.0018614760398470986,,,,0.00175447495712433,0.00023743697965983301,0.001991911936784163
paired,52004,dynamic_tracking,misaligned,0.0054623356972193626,0.07390761596222248,2.6963811454219884,0,True,0.0,1.0,1.0,0,0.002536217089928615,0.0014416949004317564,-0.0010945221894968584,,,,0.06914113495440688,0.02932394306117203,0.09846507801557891
paired_lesion,52004,dynamic_tracking,misaligned,0.011546025081847345,0.10745243171677105,2.8254520018918754,0,True,0.0,1.0,1.3333333333333333,0,0.009708096868500694,0.005106029845307175,-0.00460206702319352,,,,0.07122250697284471,0.02869434298190754,0.09991684995475225
diagonal,52004,dynamic_tracking,misaligned,0.008092114422131137,0.08995618056660218,2.734280899346509,0,True,0.0,1.0,1.3333333333333333,0,0.0025410901203063605,0.0024183395587236895,-0.00012275056158267102,,,,0.07166705494455528,0.02739817301335279,0.09906522795790806
shuffled,52004,dynamic_tracking,misaligned,0.006655773541918996,0.08158292432806633,2.727686193909527,0,True,0.0,1.0,1.0,0,0.0019368382668984259,0.0022182680282324197,0.0002814297613339938,,,,0.06840595100220526,0.029533214968978427,0.09793916597118368
dense,52004,dynamic_tracking,misaligned,0.0021796955342778834,0.04668720953620899,2.643516438515973,0,True,0.0,1.0,1.0,0,5.267086102567043e-05,9.617956887653158e-05,4.350870785086115e-05,,,,0.06932005006092368,0.029274591004650574,0.09859464106557425
signed_intensity,52004,dynamic_tracking,misaligned,0.00546233569721936,0.07390761596222246,2.6963811454219884,0,True,0.0,1.0,1.0,0,0.0025362170899286144,0.0014416949004317564,-0.001094522189496858,,,,0.08310076995985582,0.028224539986695163,0.11132530994655099
signed_intensity,52004,cooperative_inventory,paired,0.009532244137016286,0.09763321226414855,3.1663078554122492,0,True,0.0,1.0,4.333333333333333,0,0.00024007430021751015,7.040012712108603e-05,-0.0001696741730964241,0.0020988214511260973,0.001120599397175904,0.232421875,0.11830477199691813,0.02092269900458632,0.13922747100150445
zero,52004,cooperative_inventory,paired,0.08807705210600719,0.2967777823658759,0.0,0,False,1.0,0.0,,3,0.08906978023552066,0.08906978023552066,0.0,0.012238377914220201,0.0,0.9619140625,0.0016299650305882096,0.00025195697526214644,0.001881922005850356
hold,52004,cooperative_inventory,paired,0.04514943282221501,0.21248395897623662,2.418884116804021,0,False,1.0,0.3333333333333333,8.0,2,0.047143131176489536,0.04272081906847384,-0.004422312108015698,0.0006324330189621817,0.0,0.0546875,0.0016505029852851294,0.000262239933363162,0.0019127429186482914
paired,52004,cooperative_inventory,paired,0.009532244137016286,0.09763321226414855,3.1663078554122492,0,True,0.0,1.0,4.333333333333333,0,0.0002400743002175102,7.040012712108593e-05,-0.00016967417309642427,0.002098821451126098,0.0011205993971759032,0.232421875,0.10217108099459438,0.018482422026863787,0.12065350302145816
paired_lesion,52004,cooperative_inventory,paired,0.009813647833727308,0.09906385735336228,3.2247915027007337,0,True,0.0,1.0,4.333333333333333,0,0.0007145839584829872,0.0015571426271000703,0.0008425586686170831,0.0021143517344643786,0.0016121500885937085,0.2578125,0.11490787506045308,0.017328763045952655,0.13223663810640574
diagonal,52004,cooperative_inventory,paired,0.009475992604699637,0.09734471020399432,3.249034004519716,0,True,0.0,1.0,4.333333333333333,0,0.0006222094427079095,0.0005698915109531898,-5.231793175471968e-05,0.002107990481273197,0.0017302928845328897,0.2646484375,0.10666305300401291,0.01683020304335514,0.12349325604736805
shuffled,52004,cooperative_inventory,paired,0.009638663997429839,0.09817669783319176,3.1959639643008115,0,True,0.0,1.0,4.333333333333333,0,0.00021142192158467738,0.0003491653250252088,0.00013774340344053143,0.0023779228208740295,0.0018786083265465707,0.3232421875,0.10835523103742162,0.0162622760180966,0.12461750705551822
dense,52004,cooperative_inventory,paired,0.009590968054669106,0.09793348791230254,3.110466820314108,0,True,0.0,1.0,4.666666666666667,0,3.7977917939112396e-05,2.3800759810125694e-05,-1.4177158128986701e-05,0.002073765627332476,0.0011758472299407416,0.2197265625,0.09388772094825981,0.01807261900830781,0.11196033995656762
zero,52004,cooperative_inventory,diagonal,0.07939947286217304,0.28177912069948163,0.0,0,False,1.0,0.0,,3,0.08138998308398213,0.08138998308398213,0.0,0.012238377914220201,0.0,0.9619140625,0.001879399955214467,0.0002746490208664909,0.002154048976080958
hold,52004,cooperative_inventory,diagonal,0.05171513953559741,0.22740962938186546,2.418884116804021,0,False,1.0,0.3333333333333333,0.0,2,0.05874806238194212,0.05651761331101615,-0.002230449070925969,0.00041338008606217494,0.0,0.02734375,0.0018380910114501603,0.00024221697822213173,0.002080307989672292
paired,52004,cooperative_inventory,diagonal,0.009050438979074808,0.09513379514701811,3.1829149087767945,0,True,0.0,1.0,4.333333333333333,0,0.000259908534351257,0.00013294325114099228,-0.0001269652832102647,0.001373175745559885,0.000543914845221911,0.2177734375,0.09716289096104447,0.017849682983069215,0.11501257394411368
paired_lesion,52004,cooperative_inventory,diagonal,0.009395826153805732,0.09693206979016662,3.253815481805976,0,True,0.0,1.0,4.666666666666667,0,0.00041871980607919364,0.0004298198998548951,1.110009377570145e-05,0.0010016059737695255,0.0006390483616778304,0.1640625,0.1046267269848613,0.01846018701326102,0.12308691399812233
diagonal,52004,cooperative_inventory,diagonal,0.009041555542760564,0.09508709451213958,3.246312883225085,0,True,0.0,1.0,4.333333333333333,0,0.0004491097289182534,0.00033602641272172833,-0.00011308331619652506,0.0009239705222736036,0.000628564348286359,0.1806640625,0.10336379296495579,0.01737334901554277,0.12073714198049856
shuffled,52004,cooperative_inventory,diagonal,0.009015636303717354,0.09495070459831961,3.232677966822729,0,True,0.0,1.0,4.333333333333333,0,0.00025234790125623754,0.00016618782164754879,-8.616007960868876e-05,0.0010030825750975024,0.0007435127709232877,0.2041015625,0.09917352303455118,0.0186237468951731,0.11779726992972428
dense,52004,cooperative_inventory,diagonal,0.009035770464674917,0.09505666975375751,3.165561713503765,0,True,0.0,1.0,4.333333333333333,0,0.00010690485041588922,9.053915136750747e-05,-1.6365699048381745e-05,0.0014196140036294676,0.0007749758454118149,0.216796875,0.09142165299272165,0.0192453819399816,0.11066703493270325
signed_intensity,52004,cooperative_inventory,diagonal,0.009050438979074808,0.09513379514701811,3.1829149087767945,0,True,0.0,1.0,4.333333333333333,0,0.00025990853435125724,0.0001329432511409923,-0.00012696528321026493,0.001373175745559885,0.0005439148452219109,0.2177734375,0.09952084601536626,0.017776231994503178,0.11729707800986944
hold,52004,cooperative_inventory,misaligned,0.044566997834204564,0.2111089714678288,2.418884116804021,0,False,1.0,0.0,,3,0.047128976615405244,0.042594104965767376,-0.004534871649637867,0.0006324330189621817,0.0,0.0546875,0.0018699880383792333,0.00028394200489856303,0.0021539300432777964
paired,52004,cooperative_inventory,misaligned,0.010353736868574848,0.10175331379652874,3.2175377115242556,0,True,0.0,1.0,4.333333333333333,0,0.00028165030699566163,0.0001680681119067447,-0.00011358219508891693,0.0023085673384549473,0.0010401215200996666,0.2724609375,0.10136434205196565,0.01849490200402215,0.1198592440559878
paired_lesion,52004,cooperative_inventory,misaligned,0.010399686072733907,0.10197885110518703,3.2036225109727563,0,True,0.0,1.0,4.666666666666667,0,0.0004646847623893937,0.0010675049684886638,0.00060282020609927,0.0025016684287888953,0.0006215055044985456,0.2529296875,0.10310242896957789,0.01784540900553111,0.120947837975109
diagonal,52004,cooperative_inventory,misaligned,0.009946308369186078,0.09973118052638341,3.210872573289622,0,True,0.0,1.0,4.333333333333333,0,0.0006173451940434194,0.0004527554193193736,-0.0001645897747240458,0.0025505741849724526,0.000820237409991246,0.283203125,0.10623655695962952,0.017676028968708124,0.12391258592833765
shuffled,52004,cooperative_inventory,misaligned,0.010410403748219717,0.10203138609378841,3.2393027937574193,0,True,0.0,1.0,4.666666666666667,0,0.00033201946043999,0.0005105524820054818,0.00017853302156549183,0.002145497966076592,0.0009805887478592406,0.279296875,0.10222709897061577,0.028984141994442325,0.1312112409650581
dense,52004,cooperative_inventory,misaligned,0.010118611571206046,0.10059130962069261,3.2370437577922138,0,True,0.0,1.0,5.0,0,0.0003781960129736542,8.350772643062996e-05,-0.0002946882865430242,0.0015512884587968328,0.0010189111886901318,0.1630859375,0.09639298399997642,0.018801183941832278,0.1151941679418087
signed_intensity,52004,cooperative_inventory,misaligned,0.010353736868574848,0.10175331379652874,3.2175377115242556,0,True,0.0,1.0,4.333333333333333,0,0.00028165030699566163,0.00016806811190674473,-0.0001135821950889169,0.0023085673384549473,0.0010401215200996673,0.2724609375,0.11685892497916939,0.01847831899067387,0.13533724396984326
zero,52004,cooperative_inventory,misaligned,0.08612073903522377,0.2934633521161097,0.0,0,False,1.0,0.0,,3,0.08643820234919831,0.08643820234919831,0.0,0.012238377914220201,0.0,0.9619140625,0.001701995963230729,0.0002616920100990683,0.0019636879733297974
signed_intensity,52005,dynamic_tracking,paired,0.008663591089366363,0.09307841365948585,2.806844210263427,0,True,0.0,1.0,4.333333333333333,0,0.00035047892826730237,0.0014264961433053578,0.0010760172150380554,,,,0.07344276103685843,0.029829013015842065,0.1032717740527005
zero,52005,dynamic_tracking,paired,0.1600126603488623,0.40001582512303474,0.0,0,False,1.0,0.0,,3,0.1433010253146611,0.14413265724522656,0.0008316319305654574,,,,0.0018215389573015273,0.0002620470186229795,0.002083585975924507
hold,52005,dynamic_tracking,paired,0.07159840091045433,0.2675787751494022,2.388533475646285,0,False,1.0,0.0,,3,0.07179548721286999,0.07310163922674043,0.0013061520138704374,,,,0.0017929439491126686,0.0002481310802977532,0.002041075029410422
paired,52005,dynamic_tracking,paired,0.008663591089366363,0.09307841365948585,2.806844210263427,0,True,0.0,1.0,4.333333333333333,0,0.0003504789282673023,0.0014264961433053578,0.0010760172150380554,,,,0.07148571405559778,0.02702497097925516,0.09851068503485294
paired_lesion,52005,dynamic_tracking,paired,0.013681460752953525,0.11696777655813384,2.8785068649393475,0,True,0.0,1.0,4.333333333333333,0,0.006741930467546942,0.004635201567184894,-0.0021067289003620484,,,,0.06994823699642438,0.025800603958487045,0.09574884095491143
diagonal,52005,dynamic_tracking,paired,0.010012822824198233,0.1000640935810555,2.8171578623596125,0,True,0.0,1.0,4.333333333333333,0,0.002664046745044915,0.00291377391011629,0.00024972716507137534,,,,0.06980395307618892,0.027140553982462734,0.09694450705865165
shuffled,52005,dynamic_tracking,paired,0.005621091470630762,0.0749739386095646,2.819083281429381,0,True,0.0,1.0,1.0,0,0.002768216443304178,0.0015043217276224426,-0.0012638947156817354,,,,0.0697948569941218,0.027423295010521542,0.09721815200464334
dense,52005,dynamic_tracking,paired,0.0024227326810903733,0.0492212624898059,2.732558175255011,0,True,0.0,1.0,1.3333333333333333,0,7.739255404527515e-05,4.144087707995674e-05,-3.5951676965318406e-05,,,,0.0778452929953346,0.033347952012263704,0.11119324500759831
zero,52005,dynamic_tracking,diagonal,0.12704772954809723,0.356437553504253,0.0,0,False,1.0,0.0,,3,0.125694418112757,0.1255549103803453,-0.00013950773241169778,,,,0.001622126015718095,0.00023371504357783124,0.0018558410592959262
hold,52005,dynamic_tracking,diagonal,0.061022232008156346,0.24702678398942157,2.388533475646285,0,False,1.0,0.0,,3,0.0672055544121059,0.06802165092661316,0.0008160965145072585,,,,0.0018979789965669625,0.00024356893845833838,0.002141547935025301
paired,52005,dynamic_tracking,diagonal,0.0020237411862654704,0.04498601100637253,2.7700427955722837,0,True,0.0,1.0,0.6666666666666666,0,0.00023355223595200293,0.00030494742437800156,7.139518842599863e-05,,,,0.0720761410339037,0.027388808979594614,0.09946495001349831
paired_lesion,52005,dynamic_tracking,diagonal,0.0037584883500102776,0.06130651148132862,2.902911818700434,0,True,0.0,1.0,1.0,0,0.002336417665058635,0.00029590940465644183,-0.0020405082604021928,,,,0.0713457490055589,0.028378236980643123,0.09972398598620202
diagonal,52005,dynamic_tracking,diagonal,0.002500374599078624,0.050003745850472285,2.8284729347268946,0,True,0.0,1.0,0.6666666666666666,0,0.00040079562344830726,0.0002027908590562175,-0.00019800476439208977,,,,0.07561471100052586,0.031011111102998257,0.10662582210352411
shuffled,52005,dynamic_tracking,diagonal,0.0017709991211440146,0.042083240383126566,2.7799706532302952,0,True,0.0,1.0,0.6666666666666666,0,0.00019329096957894885,0.00020262262828258857,9.331658703639711e-06,,,,0.07212205903488211,0.028966746976948343,0.10108880601183046
dense,52005,dynamic_tracking,diagonal,0.001245662697829322,0.035293947042365804,2.7040133609563206,0,True,0.0,1.0,0.6666666666666666,0,6.063504378104932e-05,4.07879175267701e-05,-1.9847126254279223e-05,,,,0.07608851493569091,0.04153190000215545,0.11762041493784636
signed_intensity,52005,dynamic_tracking,diagonal,0.0020237411862654704,0.04498601100637253,2.7700427955722837,0,True,0.0,1.0,0.6666666666666666,0,0.00023355223595200293,0.00030494742437800156,7.139518842599863e-05,,,,0.07266177996643819,0.029742330996668898,0.10240411096310709
hold,52005,dynamic_tracking,misaligned,0.07279798210577207,0.26981101183193407,2.388533475646285,0,False,1.0,0.0,,3,0.09376475048342488,0.09465511662044618,0.0008903661370213006,,,,0.001849040992965456,0.0002685790095711127,0.002117620002536569
paired,52005,dynamic_tracking,misaligned,0.006923830062212171,0.08320955511365369,2.8318648477494923,0,True,0.0,1.0,1.3333333333333333,0,0.0027860191672700787,0.0015124380228533087,-0.00127358114441677,,,,0.0744638539981679,0.029797363044053782,0.10426121704222169
paired_lesion,52005,dynamic_tracking,misaligned,0.00952969777345436,0.09762017093538794,2.9133780368150157,0,True,0.0,1.0,1.3333333333333333,0,0.007082889574146952,0.0026355624152728844,-0.004447327158874068,,,,0.08665210601611761,0.02699814099469222,0.11365024701080984
diagonal,52005,dynamic_tracking,misaligned,0.008432164113059965,0.09182681587129092,2.861491546107472,0,True,0.0,1.0,1.3333333333333333,0,0.002697414454477356,0.002204638048145512,-0.0004927764063318439,,,,0.07546667801216245,0.03038425897830166,0.1058509369904641
shuffled,52005,dynamic_tracking,misaligned,0.00779797558570652,0.08830614693047432,2.8387918948859237,0,True,0.0,1.0,1.3333333333333333,0,0.0024456619375083062,0.0020837288816198223,-0.000361933055888484,,,,0.07683522892330075,0.0278560199731146,0.10469124889641535
dense,52005,dynamic_tracking,misaligned,0.0024413330346611736,0.0494098475474391,2.7152799590642296,0,True,0.0,1.0,1.3333333333333333,0,6.906127123464875e-05,5.676471040597777e-05,-1.2296560828670978e-05,,,,0.0686182400022517,0.02783046798867872,0.09644870799093042
signed_intensity,52005,dynamic_tracking,misaligned,0.006923830062212171,0.08320955511365369,2.8318648477494923,0,True,0.0,1.0,1.3333333333333333,0,0.0027860191672700787,0.0015124380228533087,-0.00127358114441677,,,,0.07339124403370079,0.02884958295180695,0.10224082698550774
zero,52005,dynamic_tracking,misaligned,0.15391379279068057,0.3923184838758946,0.0,0,False,1.0,0.0,,3,0.15322039661412987,0.15363623998623455,0.0004158433721046795,,,,0.0016404009656980634,0.00025912698038155213,0.0018995279460796155
zero,52005,cooperative_inventory,paired,0.08354945286475839,0.2890492222178748,0.0,0,False,1.0,0.0,,3,0.08741961931097839,0.08741961931097839,0.0,0.011761735937101074,0.0,0.9580078125,0.0015902979939710349,0.00023459002113668248,0.0018248880151077174
hold,52005,cooperative_inventory,paired,0.045327614468809875,0.21290282870081806,2.375130127018686,0,False,1.0,0.3333333333333333,0.0,2,0.049425135935384515,0.04565676125548884,-0.0037683746798956724,0.0005164626782957841,0.0,0.033203125,0.0018255949835292995,0.00023854296887293458,0.002064137952402234
paired,52005,cooperative_inventory,paired,0.009503680269359537,0.0974868210034543,3.1835913933457913,0,True,0.0,1.0,4.666666666666667,0,0.0005540504258051436,0.000123358369278395,-0.00043069205652674855,0.0017156689602181997,0.0017133016674849228,0.181640625,0.10207762003119569,0.018938970926683396,0.12101659095787909
paired_lesion,52005,cooperative_inventory,paired,0.009748035036095754,0.09873213780778654,3.2135398595131344,0,True,0.0,1.0,4.666666666666667,0,0.0006319772516281309,0.0019135270908887296,0.0012815498392605988,0.0017787133656841998,0.0015903852086454335,0.267578125,0.09260569207253866,0.016900721995625645,0.1095064140681643
diagonal,52005,cooperative_inventory,paired,0.009623679184467604,0.09810035262152529,3.1907607155734725,0,True,0.0,1.0,4.666666666666667,0,0.0008835400889313554,0.000809189060343077,-7.43510285882784e-05,0.0018092442276981479,0.0016168292545169138,0.2529296875,0.09100904098158935,0.016766598040703684,0.10777563902229303
shuffled,52005,cooperative_inventory,paired,0.009944333574782393,0.09972127944818193,3.112752340305734,0,True,0.0,1.0,5.0,0,0.0003598738728717249,0.0004917723243547242,0.0001318984514829993,0.0022330806578222044,0.0017011433016133927,0.279296875,0.08800240200798726,0.019795153915765695,0.10779755592375295
dense,52005,cooperative_inventory,paired,0.009401815498770403,0.09696295941631733,3.122870104273323,0,True,0.0,1.0,4.666666666666667,0,0.00017553393792161178,6.586431028179153e-05,-0.00010966962763982025,0.0016490294913768214,0.0014830953590718652,0.19140625,0.0845239470290835,0.018486884000594728,0.10301083102967823
signed_intensity,52005,cooperative_inventory,paired,0.009503680269359537,0.0974868210034543,3.1835913933457913,0,True,0.0,1.0,4.666666666666667,0,0.0005540504258051436,0.00012335836927839514,-0.00043069205652674844,0.0017156689602182001,0.0017133016674849223,0.181640625,0.0992222400236642,0.019194915003026836,0.11841715502669103
hold,52005,cooperative_inventory,diagonal,0.049069139843389994,0.22151555214790222,2.375130127018686,0,False,1.0,0.3333333333333333,0.0,2,0.05691737181903948,0.05414332026670497,-0.002774051552334511,0.0003872863270961962,0.0,0.0263671875,0.0017730019899317995,0.0002459589741192758,0.0020189609640510753
paired,52005,cooperative_inventory,diagonal,0.008388516804209989,0.09158884650551065,3.139965425557797,0,True,0.0,1.0,4.333333333333333,0,0.0004433352990846633,0.0001513259474452279,-0.00029200935163943537,0.0010722807844947492,0.0007761388547659674,0.193359375,0.08974443702754797,0.01834021402464714,0.10808465105219511
paired_lesion,52005,cooperative_inventory,diagonal,0.00858479689608933,0.09265417905356094,3.219916619684395,0,True,0.0,1.0,4.666666666666667,0,0.0006987836860204859,0.0003943174608838022,-0.0003044662251366837,0.0006770909441966798,0.0009306683273197389,0.1318359375,0.10572151395172114,0.019244796021666843,0.12496630997338798
diagonal,52005,cooperative_inventory,diagonal,0.008457070080099124,0.09196232967959829,3.1976764758581395,0,True,0.0,1.0,4.333333333333333,0,0.0007919662280156317,0.00033363681717934774,-0.000458329410836284,0.0006571995574800504,0.0008343053543100097,0.1220703125,0.109708908952598,0.021226857010333333,0.13093576596293133
shuffled,52005,cooperative_inventory,diagonal,0.008343772273926704,0.09134425145528702,3.1757342386962617,0,True,0.0,1.0,4.333333333333333,0,0.0004269990201650652,0.0001465117608866782,-0.000280487259278387,0.0008638304591533353,0.0010724007758118252,0.173828125,0.08653216699894983,0.01724089698836906,0.10377306398731889
dense,52005,cooperative_inventory,diagonal,0.008261882841290414,0.09089489997403823,3.130281152995221,0,True,0.0,1.0,4.333333333333333,0,0.00015404821883049282,7.73910538083007e-05,-7.665716502219211e-05,0.0012200430554164287,0.0011594562578997208,0.2294921875,0.0941736699314788,0.020208272013405804,0.1143819419448846
signed_intensity,52005,cooperative_inventory,diagonal,0.00838851680420999,0.09158884650551065,3.139965425557797,0,True,0.0,1.0,4.333333333333333,0,0.0004433352990846634,0.00015132594744522783,-0.00029200935163943554,0.0010722807844947492,0.0007761388547659668,0.193359375,0.09121535396843683,0.01787527898704866,0.10909063295548549
zero,52005,cooperative_inventory,diagonal,0.07619755205340487,0.27603904081380387,0.0,0,False,1.0,0.3333333333333333,0.0,2,0.08062996906043068,0.08062996906043068,0.0,0.011761735937101074,0.0,0.9580078125,0.0019806249692919664,0.0002599379949970171,0.0022405629642889835
paired,52005,cooperative_inventory,misaligned,0.010566394539748003,0.10279296931088236,3.1923790820243436,0,True,0.0,1.0,4.666666666666667,0,0.0004613371265029169,0.0002068892370036976,-0.0002544478894992193,0.0022744874755547127,0.001305478914577866,0.2353515625,0.09449756103276741,0.01653261399042094,0.11103017502318835
paired_lesion,52005,cooperative_inventory,misaligned,0.010919454019611766,0.10449619141199246,3.181593153305111,0,True,0.0,1.0,4.666666666666667,0,0.0006739023147963369,0.0011945577173341137,0.0005206554025377768,0.0022870555081631093,0.0009057989663033202,0.2177734375,0.09457905399904121,0.017660710000200197,0.1122397639992414
diagonal,52005,cooperative_inventory,misaligned,0.01043807197790337,0.10216688298026602,3.1639131418496556,0,True,0.0,1.0,4.666666666666667,0,0.0008349072596115317,0.0006670569076745185,-0.00016785035193701316,0.002302372432852985,0.0009694781464427096,0.2255859375,0.0897367670404492,0.018153457051084843,0.10789022409153404
shuffled,52005,cooperative_inventory,misaligned,0.010587821840833442,0.10289714204405019,3.142733589755192,0,True,0.0,1.0,5.333333333333333,0,0.0003013672249443632,0.000545578397095927,0.0002442111721515638,0.0024462766232615524,0.0011308885670684504,0.2568359375,0.09167594500468113,0.026600180986861233,0.11827612599154236
dense,52005,cooperative_inventory,misaligned,0.01004597159558231,0.10022959440994615,3.142526953483002,0,True,0.0,1.0,4.666666666666667,0,0.0003629612003306219,8.72390057547186e-05,-0.0002757221945759033,0.0022479885932801865,0.0013591161916964999,0.2158203125,0.09725901897763833,0.018202928949904162,0.1154619479275425
signed_intensity,52005,cooperative_inventory,misaligned,0.010566394539748003,0.10279296931088236,3.1923790820243436,0,True,0.0,1.0,4.666666666666667,0,0.000461337126502917,0.00020688923700369779,-0.0002544478894992192,0.0022744874755547127,0.0013054789145778658,0.2353515625,0.0964514979859814,0.016973254954791628,0.11342475294077303
zero,52005,cooperative_inventory,misaligned,0.08403696640994927,0.28989130102496913,0.0,0,False,1.0,0.0,,3,0.09261740146738108,0.09261740146738108,0.0,0.011761735937101074,0.0,0.9580078125,0.0020427910203579813,0.0003019800496986136,0.002344771070056595
hold,52005,cooperative_inventory,misaligned,0.047628418178368,0.2182393598285332,2.375130127018686,0,False,1.0,0.3333333333333333,1.0,2,0.05578899619573971,0.05126343908257579,-0.004525557113163922,0.0005164626782957841,0.0,0.033203125,0.0017282520348089747,0.00024381096591241658,0.0019720630007213913
zero,52006,dynamic_tracking,paired,0.22472649716087378,0.4740532640546564,0.0,0,False,1.0,0.0,,3,0.20470132831494822,0.20439362980581186,-0.0003076985091363671,,,,0.0016191039903787896,0.0003041740201297216,0.0019232780105085112
hold,52006,dynamic_tracking,paired,0.09558093708797136,0.3091616682060882,2.204798063871844,0,False,1.0,0.0,,3,0.09412703229028004,0.09294541355603893,-0.0011816187342411077,,,,0.0016469519905513152,0.00022969394194660708,0.0018766459324979223
paired,52006,dynamic_tracking,paired,0.00989424316242088,0.0994698103065492,2.687787088687809,0,True,0.0,1.0,5.0,0,0.0007874328708497139,0.002083939155782655,0.0012965062849329412,,,,0.06663407304586144,0.02712463997886516,0.0937587130247266
paired_lesion,52006,dynamic_tracking,paired,0.018464988782064706,0.1358859403399215,2.77041848105615,0,True,0.0,1.0,4.333333333333333,0,0.012917764295064842,0.008780873107886406,-0.004136891187178436,,,,0.06677777092409087,0.025427715969271958,0.09220548689336283
diagonal,52006,dynamic_tracking,paired,0.013509425565597281,0.11623005448504824,2.660634835523692,0,True,0.0,1.0,5.0,0,0.0033411013531573935,0.005736952108990086,0.0023958507558326926,,,,0.07095269701676443,0.025198619936418254,0.09615131695318269
shuffled,52006,dynamic_tracking,paired,0.007759574203663333,0.0880884453470677,2.699500758537474,0,True,0.0,1.0,2.3333333333333335,0,0.003092987431655664,0.002680638620311272,-0.00041234881134439216,,,,0.06832809100160375,0.038568875010241754,0.1068969660118455
dense,52006,dynamic_tracking,paired,0.0032548578797946515,0.057051361769853065,2.6306630686521624,0,True,0.0,1.0,1.6666666666666667,0,0.00010844414386175646,5.720439536710224e-05,-5.123974849465422e-05,,,,0.06753802095772699,0.027842306990351062,0.09538032794807805
signed_intensity,52006,dynamic_tracking,paired,0.00989424316242088,0.0994698103065492,2.687787088687809,0,True,0.0,1.0,5.0,0,0.0007874328708497139,0.002083939155782655,0.0012965062849329412,,,,0.06874926306045381,0.026625735976267606,0.09537499903672142
hold,52006,dynamic_tracking,diagonal,0.08239903314301283,0.2870523177802486,2.204798063871844,0,False,1.0,0.0,,3,0.09300834632189466,0.09205863118655488,-0.0009497151353397709,,,,0.0018362189584877342,0.00023761003831168637,0.0020738289967994206
paired,52006,dynamic_tracking,diagonal,0.0026824132088614713,0.051792018775690445,2.6694232211814186,0,True,0.0,1.0,1.0,0,0.0005861654498867585,0.0003267912810374961,-0.0002593741688492624,,,,0.06732702694716863,0.02570362800906878,0.09303065495623741
paired_lesion,52006,dynamic_tracking,diagonal,0.005294363330123496,0.07276237578669004,2.7905280987170817,0,True,0.0,1.0,1.0,0,0.0051201627151202436,0.00045247903975109737,-0.004667683675369147,,,,0.06749039099668153,0.025583676018868573,0.0930740670155501
diagonal,52006,dynamic_tracking,diagonal,0.003206002204059743,0.056621570130646705,2.707267693145578,0,True,0.0,1.0,1.0,0,0.0009756304801182143,0.0003083630835775443,-0.00066726739654067,,,,0.0664140719381976,0.024539917038055137,0.09095398897625273
shuffled,52006,dynamic_tracking,diagonal,0.0023777992322213735,0.04876268278326546,2.671408745392834,0,True,0.0,1.0,1.0,0,0.0005909827785308093,0.00021258033804538625,-0.000378402440485423,,,,0.07148526096716523,0.025237805042706896,0.09672306600987213
dense,52006,dynamic_tracking,diagonal,0.0018656621769042856,0.043193311714943616,2.615128821663623,0,True,0.0,1.0,1.6666666666666667,0,0.0001221924050156796,4.3132092535610325e-05,-7.906031248006928e-05,,,,0.0811447050436982,0.02822858797298977,0.10937329301668797
signed_intensity,52006,dynamic_tracking,diagonal,0.0026824132088614713,0.051792018775690445,2.6694232211814186,0,True,0.0,1.0,1.0,0,0.0005861654498867585,0.0003267912810374961,-0.0002593741688492624,,,,0.0713140069419751,0.029089388997817878,0.10040339593979297
zero,52006,dynamic_tracking,diagonal,0.1782785648193009,0.4222304641061572,0.0,0,False,1.0,0.0,,3,0.1814456687667231,0.18132128038122475,-0.0001243883854983585,,,,0.0016740769715397619,0.0002551760262576863,0.0019292529977974482
paired,52006,dynamic_tracking,misaligned,0.0071182552236014095,0.08436975301375138,2.667463138887861,0,True,0.0,1.0,2.3333333333333335,0,0.0023195920663690883,0.0015456788577124414,-0.0007739132086566469,,,,0.0680965789797483,0.025990505986555945,0.09408708496630425
paired_lesion,52006,dynamic_tracking,misaligned,0.012071367329260568,0.10986977441162137,2.7727326768988885,0,True,0.0,1.0,1.3333333333333333,0,0.012637961862410363,0.004774173756671915,-0.00786378810573845,,,,0.11174596897762967,0.057123077029245906,0.16886904600687558
diagonal,52006,dynamic_tracking,misaligned,0.008543089528103063,0.0924288349385789,2.6787285706900406,0,True,0.0,1.0,1.3333333333333333,0,0.0031422885956243355,0.0027418343275258878,-0.0004004542680984477,,,,0.06581239703518804,0.025089031987590715,0.09090142902277876
shuffled,52006,dynamic_tracking,misaligned,0.007006064327513601,0.08370223609625731,2.69282747974211,0,True,0.0,1.0,1.3333333333333333,0,0.002679056462934543,0.00252880380044934,-0.000150252662485203,,,,0.06782407701393822,0.026804642999195494,0.09462872001313372
dense,52006,dynamic_tracking,misaligned,0.002802497291674766,0.05293861815040855,2.6225181338675574,0,True,0.0,1.0,1.6666666666666667,0,0.00011301992250994567,5.1611390838785995e-05,-6.140853167115967e-05,,,,0.06741493901063222,0.026303306061890908,0.09371824507252313
signed_intensity,52006,dynamic_tracking,misaligned,0.0071182552236014095,0.08436975301375138,2.667463138887861,0,True,0.0,1.0,2.3333333333333335,0,0.0023195920663690883,0.0015456788577124388,-0.0007739132086566495,,,,0.06919840598129667,0.02717074195970781,0.09636914794100448
zero,52006,dynamic_tracking,misaligned,0.20833057907928543,0.4564324474435241,0.0,0,False,1.0,0.0,,3,0.21485964146403508,0.21474562029733973,-0.0001140211666953439,,,,0.0017075729701900855,0.00038399904588004574,0.002091572016070131
hold,52006,dynamic_tracking,misaligned,0.09227777893046536,0.30377257764726784,2.204798063871844,0,False,1.0,0.0,,3,0.11698380334011274,0.1159958635090576,-0.0009879398310551346,,,,0.0016855959838721901,0.00023957100347615778,0.001925166987348348
hold,52006,cooperative_inventory,paired,0.04947861288626712,0.22243788545629345,2.321268791523813,0,False,1.0,0.0,,3,0.04722073458283922,0.04401435800583553,-0.0032063765770036917,0.0003617796790824062,0.0,0.03125,0.001682743983110413,0.00023486594727728516,0.0019176099303876981
paired,52006,cooperative_inventory,paired,0.011559083008016877,0.10751317597400273,3.0867266667112236,0,True,0.0,1.0,5.666666666666667,0,0.0009324191499319841,0.00018023164019240139,-0.0007521875097395828,0.0022701441488798984,0.0007027172028174595,0.2490234375,0.10137567803030834,0.016843628931383137,0.11821930696169147
paired_lesion,52006,cooperative_inventory,paired,0.011893877677190207,0.10905905591554609,3.275334112776772,0,True,0.0,1.0,5.333333333333333,0,0.0005199196589098161,0.0014852568384432236,0.0009653371795334075,0.0021727899750874505,0.001963264580685166,0.3046875,0.10878136898827506,0.016711108029994648,0.1254924770182697
diagonal,52006,cooperative_inventory,paired,0.0117520281153351,0.10840677153819821,3.203389117382718,0,True,0.0,1.0,5.333333333333333,0,0.0009184284889635855,0.0007568099009871941,-0.0001616185879763914,0.002061517930108532,0.001265457820983972,0.3095703125,0.12124056697939523,0.017460944938648026,0.13870151191804325
shuffled,52006,cooperative_inventory,paired,0.011858852403229307,0.10889835812917156,3.154073859114267,0,True,0.0,1.0,5.333333333333333,0,0.0008049706353301382,0.00048485181363334045,-0.0003201188216967978,0.002119185529922213,0.0009391231332391945,0.3232421875,0.11173177598539041,0.016504380975675303,0.12823615696106572
dense,52006,cooperative_inventory,paired,0.011632565696021262,0.1078543726328296,3.0709840744780648,0,True,0.0,1.0,5.666666666666667,0,0.000372108014494726,7.884569338653178e-05,-0.00029326232110819426,0.002093191827958801,0.0008773770741507158,0.25390625,0.1034201789443614,0.017396651033777744,0.12081682997813914
signed_intensity,52006,cooperative_inventory,paired,0.011559083008016873,0.10751317597400271,3.086726666711223,0,True,0.0,1.0,5.666666666666667,0,0.000932419149931984,0.00018023164019240144,-0.0007521875097395825,0.0022701441488798984,0.0007027172028174595,0.2490234375,0.12213891496503493,0.028478745982283726,0.15061766094731865
zero,52006,cooperative_inventory,paired,0.09876858159825919,0.3142746913104191,0.0,0,False,1.0,0.0,,3,0.09274811501279837,0.09274811501279837,0.0,0.010918193722747835,0.0,0.9619140625,0.0017604390232008882,0.0002673870403668843,0.0020278260635677725
paired,52006,cooperative_inventory,diagonal,0.009537365031781472,0.09765943391081822,3.146371705468101,0,True,0.0,1.0,5.0,0,0.0006103211925373199,7.246455560042769e-05,-0.0005378566369368922,0.001169145311530007,0.0010102871837347196,0.265625,0.10796626997034764,0.018701896995480638,0.12666816696582828
paired_lesion,52006,cooperative_inventory,diagonal,0.00985211459038253,0.09925781878714911,3.228291455859895,0,True,0.0,1.0,5.333333333333333,0,0.00033668793915051025,0.00024182507074261688,-9.486286840789337e-05,0.0008192179763231815,0.0010873453484224354,0.1767578125,0.11050691300624749,0.018379239038040396,0.12888615204428788
diagonal,52006,cooperative_inventory,diagonal,0.009711320287328786,0.09854603131191426,3.1950839178789625,0,True,0.0,1.0,5.0,0,0.0004058017855213344,0.0002336683999604782,-0.0001721333855608562,0.0008144068077055653,0.0009887538373000008,0.1748046875,0.1124632399805705,0.018339154950808734,0.13080239493137924
shuffled,52006,cooperative_inventory,diagonal,0.00981286141096102,0.0990598880019608,3.176002552380085,0,True,0.0,1.0,5.0,0,0.00037922285407307054,0.00012998512404582664,-0.00024923773002724387,0.0009506828094631803,0.0009753905545935195,0.2177734375,0.10480017498775851,0.017185007003718056,0.12198518199147657
dense,52006,cooperative_inventory,diagonal,0.009795263777592149,0.09897102493958597,3.1196014849360347,0,True,0.0,1.0,5.333333333333333,0,0.00045702172328302164,4.1151603176446533e-05,-0.0004158701201065751,0.0012624441275632412,0.0010121794986617462,0.2919921875,0.09603691599477315,0.016210638015763834,0.11224755401053699
signed_intensity,52006,cooperative_inventory,diagonal,0.009537365031781472,0.09765943391081822,3.146371705468101,0,True,0.0,1.0,5.0,0,0.0006103211925373199,7.246455560042814e-05,-0.0005378566369368918,0.001169145311530007,0.0010102871837347187,0.265625,0.09812109899212373,0.015730974926555064,0.1138520739186788
zero,52006,cooperative_inventory,diagonal,0.08809055945274899,0.29680053816115126,0.0,0,False,1.0,0.0,,3,0.08067035615410928,0.08067035615410928,0.0,0.010918193722747835,0.0,0.9619140625,0.0017399450007360429,0.0002591790253063664,0.0019991240260424092
hold,52006,cooperative_inventory,diagonal,0.053749841918709726,0.23184012146026348,2.321268791523813,0,False,1.0,0.3333333333333333,0.0,2,0.056982672670664175,0.056413000416563885,-0.0005696722541002897,0.000213861218980393,0.0,0.0234375,0.0016849580424604937,0.00024649400438647717,0.001931452046846971
paired_lesion,52006,cooperative_inventory,misaligned,0.01100846386583588,0.10492122695544444,3.2073103429372756,0,True,0.0,1.0,5.0,0,0.000812178065657636,0.0008502175456120469,3.803947995441087e-05,0.002322576278834002,0.0014291148984761333,0.2978515625,0.10265844002424274,0.016241432982496917,0.11889987300673965
diagonal,52006,cooperative_inventory,misaligned,0.010694510688609719,0.10341426733584548,3.1524017320284914,0,True,0.0,1.0,5.0,0,0.0009609090769156269,0.000420834961651344,-0.0005400741152642829,0.002347001994066784,0.001272982986842544,0.2998046875,0.09406529195257463,0.01637103500252124,0.11043632695509586
shuffled,52006,cooperative_inventory,misaligned,0.010580528137048257,0.10286169421630317,3.1598435899986637,0,True,0.0,1.0,5.0,0,0.0006704266157141597,0.0005869743052967824,-8.345231041737727e-05,0.0017863064497215535,0.0010988965692183732,0.2900390625,0.089989971012983,0.016622808063402772,0.10661277907638578
dense,52006,cooperative_inventory,misaligned,0.009797051124535753,0.09898005417525166,3.138286963895015,0,True,0.0,1.0,4.666666666666667,0,0.0009521386269416993,9.948446652222498e-05,-0.0008526541604194744,0.0011686208217835893,0.0008460431085974185,0.166015625,0.09082083000976127,0.01767149701481685,0.10849232702457812
signed_intensity,52006,cooperative_inventory,misaligned,0.010268427117432637,0.10133324783817321,3.1131047649713945,0,True,0.0,1.0,4.666666666666667,0,0.0008237781350163122,0.00010055423485101875,-0.0007232239001652935,0.0023486580264828376,0.0013273549887544312,0.32421875,0.1251987600553548,0.019907729038095567,0.14510648909345036
zero,52006,cooperative_inventory,misaligned,0.09397923041187856,0.30656032100041675,0.0,0,False,1.0,0.0,,3,0.08584384280321589,0.08584384280321589,0.0,0.010918193722747835,0.0,0.9619140625,0.001722130982670933,0.00026975101354764774,0.0019918819962185808
hold,52006,cooperative_inventory,misaligned,0.04618268593820554,0.2149015726750401,2.321268791523813,0,False,1.0,0.0,,3,0.04396065376645279,0.040682043080296784,-0.0032786106861560083,0.0003617796790824062,0.0,0.03125,0.0017401890072505921,0.00024965800548670813,0.0019898470127373002
paired,52006,cooperative_inventory,misaligned,0.010268427117432637,0.10133324783817321,3.113104764971394,0,True,0.0,1.0,4.666666666666667,0,0.0008237781350163121,0.00010055423485101885,-0.0007232239001652933,0.002348658026482838,0.0013273549887544314,0.32421875,0.09718339808023302,0.015524913011176977,0.11270831109141
