seed,variant,tracking_rmse,mean_regret,mean_cost,hard_violations,mean_recovery_steps,recovery_censored,recovery_events,recovery_fraction,recall_regret,reacquisition_regret,effect_discrimination,effect_target_correlation,mean_node_homogeneity,mean_temporal_action_cosine,external_pass
1001,dual_pole,0.061527286285699916,0.003782497181260757,13.651243630473582,0,1.0,0,5,1.0,0.012835690541134936,9.916749933282417e-05,0.5264195258095843,0.9785944965623288,0.959562243086661,0.9868626997788134,True
1001,recurrent,0.06231552493038663,0.0038801148709279192,13.744158738046963,0,1.6,0,5,1.0,0.01176958711221502,9.904328763178401e-05,0.5301081258556088,0.9773266818402152,0.9588713611852925,0.974911793888347,True
1001,no_self_model,0.05179168313672777,0.002679268665713493,13.816560937731794,0,0.6,0,5,1.0,0.01093710340688412,9.843930025941326e-05,0.5329416991052709,0.9849413774458181,0.958821691689911,0.9863037102767583,True
1001,reset_capacity_recall,0.058577759412274694,0.0034282441213406172,13.683480329886661,0,0.6,0,5,1.0,0.010932504010332526,9.857722504137745e-05,0.5276918411472781,0.9807669224067184,0.9593724950660509,0.9868727878621818,True
1001,reset_gain_only_recall,0.058889081523078424,0.0034648141462100576,13.678906334550708,0,0.8,0,5,1.0,0.010931175472929978,9.860177519028642e-05,0.5275114718078716,0.9805514133784364,0.959403711385182,0.9868877848633875,True
1001,freeze_capacity_recall,0.07178527788471943,0.00515001634456467,13.64706546044682,0,0.5,1,5,0.8,0.022060210833341552,0.0019052793528484555,0.5262572074777206,0.969470295971901,0.9590155178871816,0.9863920138501309,False
1001,reset_freeze_capacity_recall,0.054756980193176576,0.002995217103454213,13.761569332816142,0,0.6,0,5,1.0,0.010937935151981333,9.8572141774413e-05,0.530774092771267,0.983161885400292,0.9587578964050437,0.9864749657960684,True
1001,unit_confidence_recall,0.046518643261228856,0.0021608743944437534,14.194008806973526,0,0.8,0,5,1.0,0.0032049214263751985,1.9971757219411017e-07,0.5478444665935526,0.9867708532364048,0.9562855341834741,0.9865706996019801,True
1001,zero_noise,0.051719595314067106,0.0026749165394508723,13.816560937731794,0,0.6,0,5,1.0,0.010931243208953839,9.834094313256077e-05,0.5336315142200729,0.9850096642206112,0.958821691689911,0.9863037102767583,True
1001,gate_small_action_updates,0.05176436498624193,0.002676439706007151,13.815772611058359,0,0.6,0,5,1.0,0.010924086918260382,9.859912878168183e-05,0.5329140654078779,0.9849651903131671,0.9588251901903996,0.9863041257008481,True
1002,dual_pole,0.062488982208922315,0.003901903258429445,13.892719024745034,0,1.2,0,5,1.0,0.014344498082531108,9.998533276538538e-05,0.5277329233570197,0.9774513347515282,0.9573130068455308,0.9850851099454399,True
1002,recurrent,0.058044677834718804,0.003366214985858732,13.948320537920708,0,1.2,0,5,1.0,0.01245175849546382,9.918592381222543e-05,0.5298828026466912,0.9807061933500992,0.9570081069702674,0.979015804267843,True
1002,no_self_model,0.05256167347449925,0.0027597598793623127,14.012955168501023,0,0.6,0,5,1.0,0.011431287604051859,9.753903247190733e-05,0.5324170910345583,0.984394348327233,0.9565681286958027,0.9852424874300775,True
1002,reset_capacity_recall,0.05806684452596363,0.0033687887941248676,13.942493007222987,0,0.6,0,5,1.0,0.011417764859174508,9.892207871115122e-05,0.5296721063140054,0.980725057358947,0.9570335933849754,0.9849575912065716,True
1002,reset_gain_only_recall,0.05845099234554414,0.0034135488671012955,13.940056300025743,0,0.8,0,5,1.0,0.011415474742329026,9.906203598293406e-05,0.5295772283602145,0.980438442293035,0.9570378303035784,0.9849309266211903,True
1002,freeze_capacity_recall,0.07525757548398047,0.005660733028649453,13.754632706161194,0,0.75,1,5,0.8,0.025187146359465083,0.0024479588403849193,0.5223570984280157,0.9665671581801443,0.9580944622659073,0.9853493438388984,False
1002,reset_freeze_capacity_recall,0.054583610250799386,0.002976400868933606,13.98508548565964,0,0.6,0,5,1.0,0.011432315697161351,9.779889879123015e-05,0.5313314824070461,0.9831045302991425,0.9567656455824931,0.9852067443126453,True
1002,unit_confidence_recall,0.04693513023904652,0.0021999368114786937,14.430700169919254,0,0.8,0,5,1.0,0.004232330832803563,3.535477259606027e-07,0.5486932269269922,0.9864290569704386,0.9541188697070382,0.9847710412062833,True
1002,zero_noise,0.052506891650515954,0.002756973670799022,14.012955168501023,0,0.6,0,5,1.0,0.01142358599395113,9.834094622417074e-05,0.5331088597937859,0.9844384857482646,0.9565681286958027,0.9852424874300775,True
1002,gate_small_action_updates,0.05255741012533847,0.0027593117200054654,14.015411136082422,0,0.6,0,5,1.0,0.011417976463497766,9.905461807554633e-05,0.5325131212691452,0.9843820854556972,0.9565506382390696,0.9852139008570231,True
1003,dual_pole,0.05310545790574858,0.0028169313481961264,15.660637755069251,0,0.4,0,5,1.0,0.012646035097449758,0.00011406414385866731,0.5357529488808686,0.983782677578549,0.9778389321645108,0.9916348330652182,True
1003,recurrent,0.05643122305855697,0.0031812246247015035,15.657672389348653,0,0.8,0,5,1.0,0.01270866334661196,0.00011421643669357856,0.5356298471165716,0.9812930563418254,0.9776936001708935,0.9856904135354667,True
1003,no_self_model,0.05075867516466207,0.002573184793288574,15.701196264691953,0,0.2,0,5,1.0,0.011944640424109143,0.00011347474469983398,0.5371575084297326,0.9852106108354335,0.9775864190851404,0.9914002537766068,True
1003,reset_capacity_recall,0.0518987474794203,0.002690221678749527,15.675887777392637,0,0.4,0,5,1.0,0.01193954732547775,0.00011384423012495852,0.5362818289452513,0.9845610609904923,0.9777230627784709,0.9915354959823672,True
1003,reset_gain_only_recall,0.05198203225238049,0.0026988733659044175,15.674623506020405,0,0.4,0,5,1.0,0.011938415725516086,0.00011389190858280738,0.5362380029650539,0.9845093041664205,0.9777323530761497,0.9915410810404149,True
1003,freeze_capacity_recall,0.05683305554622366,0.003226737891537036,15.609928554545798,0,0.4,0,5,1.0,0.01533995423346971,0.0004544326974184023,0.5339950590216507,0.9812820835548044,0.978294288432953,0.9915350346813785,False
1003,reset_freeze_capacity_recall,0.05106315379201614,0.0026041873640039845,15.694544189319608,0,0.2,0,5,1.0,0.011944754307077395,0.00011368946359327918,0.5369288312769251,0.9850377982359095,0.9775683453402603,0.9914270971637219,True
1003,unit_confidence_recall,0.03124286507914941,0.0009728583071708253,16.29493931989937,0,0.4,0,5,1.0,0.0016953610278726467,2.998420421751494e-07,0.5577518467768735,0.9938039060948974,0.9763238571993252,0.9914426567578062,True
1003,zero_noise,0.05069215921691575,0.0025696950060731367,15.701196264691953,0,0.2,0,5,1.0,0.01193779852594853,0.00011407548952001992,0.5378856325607412,0.9852830486931997,0.9775864190851404,0.9914002537766068,True
1003,gate_small_action_updates,0.050714533452741906,0.0025687055921461703,15.701173471681736,0,0.2,0,5,1.0,0.01192974794808962,0.00011388578314615082,0.5371588031264473,0.9852415844619269,0.9775822358484123,0.9914029636145856,True
1004,dual_pole,0.05848547705358132,0.003417329923252443,14.372746631759478,0,0.8,0,5,1.0,0.012690804252391354,0.00010654698980097353,0.5287877010595011,0.9808935798503683,0.9622321861121174,0.9897549209116897,True
1004,recurrent,0.05999188338352811,0.0035958049689702918,14.450044036044432,0,1.2,0,5,1.0,0.01198496049943925,0.0001064789616731724,0.5316947806683505,0.9791577207148302,0.9615451514524214,0.9794985923365105,True
1004,no_self_model,0.05157888402086456,0.002657160173905252,14.513385812750336,0,0.6,0,5,1.0,0.011180008583242425,0.00010562435251846446,0.5340614868195016,0.9850999083502667,0.961331339194928,0.9887247519247746,True
1004,reset_capacity_recall,0.05606515667481472,0.003140080690038977,14.404693522440922,0,0.6,0,5,1.0,0.011185705246265838,0.00010610734412762957,0.5299857564493452,0.9825545497125181,0.9620110531351055,0.9895487560996613,True
1004,reset_gain_only_recall,0.056299945108166535,0.00316646271625002,14.401550386992191,0,0.6,0,5,1.0,0.011186837824099453,0.00010615718478511061,0.5298678399835646,0.9823970610801109,0.9620314933248354,0.989555252033023,True
1004,freeze_capacity_recall,0.06455899640223861,0.004164642913531713,14.288769742202495,0,0.5,1,5,0.8,0.01830141174446534,0.0009146338957894341,0.5256403940107156,0.9764222478633474,0.9629285512018337,0.9895287607026205,False
1004,reset_freeze_capacity_recall,0.05334497738070055,0.0028424655088149092,14.458131198736353,0,0.6,0,5,1.0,0.011179605186616457,0.00010582646753749806,0.5319897323846429,0.9842076108689385,0.9615952275398296,0.9892990025418495,True
1004,unit_confidence_recall,0.04063584445579849,0.0016480507517033036,14.959268593226774,0,0.6,0,5,1.0,0.002181384241397348,2.920298603013294e-07,0.5507822747623149,0.989887368221302,0.9594218306491594,0.9895671591987293,True
1004,zero_noise,0.05158342091474618,0.0026608493132678733,14.513385812750336,0,0.6,0,5,1.0,0.01119331951949246,0.00010620821555338755,0.5348104871873288,0.9851140086784322,0.961331339194928,0.9887247519247746,True
1004,gate_small_action_updates,0.051658514999039125,0.002665381068973406,14.511204285898303,0,0.6,0,5,1.0,0.011213967966628081,0.00010616065205377953,0.533979870887935,0.9850581197076802,0.961344480231423,0.9887441500712052,True
1005,dual_pole,0.05847033647627154,0.0034158368767546097,13.488173436369815,0,1.0,0,5,1.0,0.01342022307599546,9.915302069271725e-05,0.5298090457998728,0.9807617758128367,0.9670326803386257,0.9892580769370158,True
1005,recurrent,0.05620705331207145,0.003156289471132242,13.569765751866859,0,1.0,0,5,1.0,0.011344630160406582,9.941965744729136e-05,0.5330563100714868,0.9819703992167409,0.9663638978912213,0.9813651791173069,True
1005,no_self_model,0.050025199396261544,0.0024995772037419255,13.620166706962559,0,0.6,0,5,1.0,0.010829091354931687,9.95255480868044e-05,0.5350861354304001,0.9860535484009757,0.9662064144332692,0.9885797584439701,True
1005,reset_capacity_recall,0.05438968533739979,0.002955294500207562,13.536976732190487,0,0.6,0,5,1.0,0.010825348072482211,9.847814799752678e-05,0.5317610474231005,0.9835294568414137,0.966724887460877,0.9889989456378792,True
1005,reset_gain_only_recall,0.05464450577939392,0.0029830786409804147,13.533203062075396,0,0.6,0,5,1.0,0.010824787442310349,9.83994717631041e-05,0.5316102271473098,0.9833678465315413,0.9667524215914846,0.9890147206647556,True
1005,freeze_capacity_recall,0.0704162011782955,0.004955498017488384,13.355026850240648,0,0.5,1,5,0.8,0.022803142198252753,0.0018881121647462635,0.5244866358630579,0.9713648226412437,0.9679165638042138,0.9889097143586436,False
1005,reset_freeze_capacity_recall,0.051621701776722595,0.0026618567234310843,13.594887587497503,0,0.6,0,5,1.0,0.010828913799535815,9.96530449071618e-05,0.5340773261768994,0.9851228742414726,0.9662367591105347,0.9886451049505055,True
1005,unit_confidence_recall,0.04154057000473058,0.0017226755854241216,14.026565579479952,0,0.6,0,5,1.0,0.0033601026937756275,3.0588934561865836e-07,0.5513447320672119,0.9894886131592916,0.9647431422932007,0.9890198111941069,True
1005,zero_noise,0.04997742557305606,0.0024977430669103576,13.620166706962559,0,0.6,0,5,1.0,0.010813127557244437,9.834094313256046e-05,0.535732421271901,0.9861069626254343,0.9662064144332692,0.9885797584439701,True
1005,gate_small_action_updates,0.04996098492651537,0.0024931566439336957,13.622015306142757,0,0.6,0,5,1.0,0.010800879349374744,9.839561986908032e-05,0.5351626934836433,0.9860849998764004,0.9661955077955562,0.9885501007632097,True
1006,dual_pole,0.058402104639721134,0.003407698146234223,12.54989297900183,0,1.0,0,5,1.0,0.011807834284798072,9.551347330888365e-05,0.5272197165434042,0.9809630423390927,0.9617023242853214,0.9836424409166119,True
1006,recurrent,0.060298106816783034,0.0036327540055734633,12.609128995227854,0,1.2,0,5,1.0,0.01146853533433269,9.535064767036798e-05,0.5297476817070457,0.9790336583815904,0.9609592400182865,0.9720527436229799,True
1006,no_self_model,0.05044091033770075,0.002541177755581253,12.682571577145596,0,0.6,0,5,1.0,0.010417640456074517,9.389979055542768e-05,0.5329048918716625,0.9858927795760359,0.9608796192921495,0.9831738566383391,True
1006,reset_capacity_recall,0.056196400079015406,0.0031549277017260506,12.578255460904577,0,0.8,0,5,1.0,0.010414936048668784,9.502217165543295e-05,0.5284352241211304,0.9824689417777772,0.9615021299778014,0.9834523597979002,True
1006,reset_gain_only_recall,0.05637913691843332,0.0031754993995527377,12.575737919834454,0,0.8,0,5,1.0,0.01041440764324392,9.514088112474095e-05,0.5283273550803272,0.9823478270873988,0.9615194468289818,0.983459236303965,True
1006,freeze_capacity_recall,0.06446679952763817,0.004152860561221976,12.473414763211876,0,1.0,0,5,1.0,0.017008112335500168,0.0009179480105663336,0.5239437716842397,0.9764854093632142,0.9622400250991999,0.9834355428093735,False
1006,reset_freeze_capacity_recall,0.05404381898781802,0.0029176266906733267,12.621331769976237,0,0.8,0,5,1.0,0.010418222852553463,9.407163404305763e-05,0.5302813085665901,0.9837668306695853,0.9611516617292297,0.9832329691844822,True
1006,unit_confidence_recall,0.04247839813084069,0.0018013066276474973,13.071238430116878,0,0.8,0,5,1.0,0.002264768038650527,2.3033060181476902e-07,0.5495630923921144,0.9890433950680327,0.9586468832826736,0.9833771301126919,True
1006,zero_noise,0.050398962457482946,0.0025400554167907758,12.682571577145596,0,0.6,0,5,1.0,0.010421299230168896,9.440730769504859e-05,0.5336733978790081,0.9859312703469063,0.9608796192921495,0.9831738566383391,True
1006,gate_small_action_updates,0.050467035848989705,0.002543814027268499,12.683454184253094,0,0.6,0,5,1.0,0.010434754883251796,9.514024262398878e-05,0.5329453775661686,0.9858689145783281,0.9608713079331564,0.9831669201471378,True
1007,dual_pole,0.05888822500128152,0.003464787098245979,13.920680271822226,0,1.0,0,5,1.0,0.013597584496816431,0.00010369256422335988,0.5300381608673035,0.9805279652718076,0.9729965515183702,0.9915672253581621,True
1007,recurrent,0.05549495669254561,0.0030766542727519337,14.021001869506188,0,1.0,0,5,1.0,0.011435017303866498,0.00010351189108549334,0.5339266448979655,0.9824732561879347,0.9725206075567726,0.9841805834245653,True
1007,no_self_model,0.04988001068004349,0.002484979519885673,14.066776259856448,0,0.6,0,5,1.0,0.010900735505402676,0.00010294734039057746,0.5356926625300439,0.9861587188757245,0.9723606837554432,0.9906971563201191,True
1007,reset_capacity_recall,0.054712598158728004,0.002990432451722867,13.968624542951511,0,0.6,0,5,1.0,0.010906877587598467,0.00010287906773413021,0.5318940817224947,0.9833972661682556,0.9727022792721248,0.9913737359128968,True
1007,reset_gain_only_recall,0.05494906294467533,0.0030163635729423123,13.965364974379355,0,0.6,0,5,1.0,0.010907869677327445,0.00010288344262465681,0.5317678873682241,0.9832445872839816,0.9727252128884681,0.9913848442040816,True
1007,freeze_capacity_recall,0.07206985385392543,0.0051910278889705916,13.79746587716528,0,0.5,1,5,0.8,0.023793304476260775,0.0021703444543843494,0.5252722758016147,0.9698109471388577,0.9736179337714109,0.9912576247655716,False
1007,reset_freeze_capacity_recall,0.05197158093514642,0.002698009279342896,14.022738767591377,0,0.6,0,5,1.0,0.010901595862583834,0.00010306972585032345,0.5339888397285255,0.9850061230565164,0.9722603430067354,0.9910812883872805,True
1007,unit_confidence_recall,0.04171417107324226,0.0017370361227721422,14.481155665583351,0,0.6,0,5,1.0,0.0033344660982682914,3.051784918684859e-07,0.5517339827252149,0.9893700523115743,0.9709585011675204,0.9913576222929765,True
1007,zero_noise,0.04984936937861397,0.0024849596274454963,14.066776259856448,0,0.6,0,5,1.0,0.010909666755046477,0.00010227457857007162,0.5364806695587925,0.9861884586102472,0.9723606837554432,0.9906971563201191,True
1007,gate_small_action_updates,0.049981271449096254,0.0024950915501126643,14.066676554351133,0,0.6,0,5,1.0,0.010961578682536716,0.00010289366072223684,0.5356896267171326,0.9860913076871965,0.9723616913635408,0.9907045947083186,True
1008,dual_pole,0.05917163347566469,0.003498293004706061,12.196773662765912,0,0.8,0,5,1.0,0.01209509492598362,8.834114338315337e-05,0.5264500938202588,0.9802344766676705,0.9605089898738068,0.9856703319539931,True
1008,recurrent,0.057079568682947855,0.00325508795755902,12.31388649397431,0,1.2,0,5,1.0,0.010139243600967041,8.797523368474031e-05,0.5316226666192487,0.9810887295524974,0.9596834857916873,0.9759088925580288,True
1008,no_self_model,0.048625060896975804,0.002361407343762265,12.378535163665513,0,0.6,0,5,1.0,0.009462494843036505,8.742646497097188e-05,0.5344656095495528,0.9867048271619175,0.9594099715441224,0.9848776119861593,True
1008,reset_capacity_recall,0.055091926285556474,0.0030321311383808476,12.2363475547819,0,0.6,0,5,1.0,0.009467494063374939,8.749482922176729e-05,0.5281959778238212,0.9831203750201635,0.9602926383342091,0.985731540015428,True
1008,reset_gain_only_recall,0.055348919628526894,0.0030605137005727885,12.23297891306263,0,0.6,0,5,1.0,0.009468513387723837,8.751118323856391e-05,0.5280473802772303,0.9829516296518073,0.9603162425865891,0.985740811727108,True
1008,freeze_capacity_recall,0.07535528468661713,0.0056754297267287744,12.157307626805041,0,0.75,1,5,0.8,0.02452617781268641,0.002817280795146617,0.5247127059273926,0.9659192522257805,0.9600237206043899,0.9852284854352598,False
1008,reset_freeze_capacity_recall,0.05208843601880962,0.002710215963413283,12.29446359915689,0,0.6,0,5,1.0,0.009463056411630377,8.758555654319716e-05,0.5307599109200327,0.9848949262410601,0.9598200355304171,0.985410913364795,True
1008,unit_confidence_recall,0.04567045674932319,0.00208280141621946,12.671341387329017,0,0.6,0,5,1.0,0.003690133311928693,3.536923614070434e-07,0.5473869062466952,0.9872869899363091,0.9574554532952503,0.9853958779779258,True
1008,zero_noise,0.04856771343280407,0.0023588227880909766,12.378535163665513,0,0.6,0,5,1.0,0.009459886389829354,8.654002754519831e-05,0.5351545496938974,0.9867553211458976,0.9594099715441224,0.9848776119861593,True
1008,gate_small_action_updates,0.04869436258568756,0.0023681517441540676,12.37709972379019,0,0.6,0,5,1.0,0.009464105592069604,8.751477307095879e-05,0.5344056515648566,0.9866679590726769,0.9594208483479848,0.9848798362461102,True
1009,dual_pole,0.05627221750957204,0.003163718659573232,12.618627257475898,0,0.8,0,5,1.0,0.01257930977069266,9.098348466255855e-05,0.5299639705328006,0.9821379524617628,0.960184125321805,0.9867628001311451,True
1009,recurrent,0.05613938683544187,0.0031487869503880293,12.6725187511391,0,1.2,0,5,1.0,0.010571501520339536,9.024112941254716e-05,0.5322445760262074,0.9818906256453208,0.9598945257731827,0.9782315928937088,True
1009,no_self_model,0.049017881305455646,0.002399908883804384,12.726947601174786,0,0.6,0,5,1.0,0.009875284492626497,8.920473482379712e-05,0.5346077369180084,0.9865756478320741,0.9595964210536604,0.9861629703791253,True
1009,reset_capacity_recall,0.051941483499425206,0.002695073904249706,12.668092596202905,0,0.6,0,5,1.0,0.009866151361211085,9.011436737061788e-05,0.5320838918632714,0.9849671052826339,0.9598727262955958,0.9864734049177837,True
1009,reset_gain_only_recall,0.052096787651263965,0.0027112314797095353,12.666268477827765,0,0.6,0,5,1.0,0.009864808165282601,9.020721146292402e-05,0.5320057331953586,0.9848702063713004,0.9598840841231709,0.9864739680004352,True
1009,freeze_capacity_recall,0.06992894148554815,0.004887213053417863,12.442302647164986,0,0.5,1,5,0.8,0.022212706927335686,0.0018971988404984908,0.5224109180316375,0.9717710390014558,0.9614622919411647,0.9866366859133681,False
1009,reset_freeze_capacity_recall,0.050329184082623636,0.002530182966551263,12.698450017435711,0,0.6,0,5,1.0,0.009876345249668647,8.939460899180314e-05,0.5333848999189039,0.9858796131820831,0.9596332963807374,0.9863150922382581,True
1009,unit_confidence_recall,0.04005779011337626,0.0016017827448959515,13.112477229354413,0,0.6,0,5,1.0,0.00329854684198217,1.3027558298362372e-07,0.551128967892083,0.990239208673858,0.9574314068976967,0.9865498469262912,True
1009,zero_noise,0.04897517296597242,0.0023985675670469154,12.726947601174786,0,0.6,0,5,1.0,0.009871594895064582,9.047366607431892e-05,0.5353085954195754,0.986615454983064,0.9595964210536604,0.9861629703791253,True
1009,gate_small_action_updates,0.04900013241090991,0.00239816917241535,12.725948802148727,0,0.6,0,5,1.0,0.00987342059106144,9.02000645309803e-05,0.5345634586040723,0.9865936783955144,0.9596058035426175,0.9861726912359999,True
1010,dual_pole,0.0574303584807229,0.003295361930094907,13.135235414449639,0,0.8,0,5,1.0,0.012262652363387277,9.500320481308079e-05,0.5292441771919858,0.9815318968321789,0.9642261482014994,0.9878154313052695,True
1010,recurrent,0.0558047004582121,0.0031112804481013448,13.221078934554782,0,1.0,0,5,1.0,0.010897878606547142,9.43355373589664e-05,0.5327942195296701,0.9822016280881049,0.9637630578988564,0.980170436632223,True
1010,no_self_model,0.0496084880862718,0.002458117945076338,13.271754269453288,0,0.6,0,5,1.0,0.01039358617280221,9.300094041291399e-05,0.5348576934934173,0.9862637928628571,0.9635533350813498,0.9870652861413601,True
1010,reset_capacity_recall,0.05438442526764376,0.0029547815665624953,13.171085572511837,0,0.6,0,5,1.0,0.010394955732766118,9.435091620466897e-05,0.5307176315453908,0.9835809105421909,0.9639765844387339,0.9876312785446147,True
1010,reset_gain_only_recall,0.05465271719201917,0.0029840353513413942,13.16942507977114,0,0.6,0,5,1.0,0.01039480109468253,9.449570427061787e-05,0.530649229423078,0.9833948275092889,0.9639835003456518,0.9875943282735841,True
1010,freeze_capacity_recall,0.06579310027057439,0.004325847898084423,13.018841399073708,0,0.5,1,5,0.8,0.019085243958858803,0.0012269202800577303,0.5244633043543041,0.9754222527945153,0.9651897717640008,0.9877771477416258,False
1010,reset_freeze_capacity_recall,0.05187742593102737,0.0026883831760997983,13.211485054535894,0,0.6,0,5,1.0,0.010393867054370499,9.31724612373048e-05,0.5323780834969365,0.9851030667860119,0.9636545008333828,0.9875263212010865,True
1010,unit_confidence_recall,0.04116545119218879,0.0016917102267270444,13.654478346120392,0,0.6,0,5,1.0,0.0027355972835654586,1.4729146151783057e-07,0.5505829260877282,0.9897134074734355,0.9616991535754066,0.9875798724896185,True
1010,zero_noise,0.04957820375885375,0.00245799828795442,13.271754269453288,0,0.6,0,5,1.0,0.010401419052009211,9.440730460343986e-05,0.5355548851676856,0.9862956320322073,0.9635533350813498,0.9870652861413601,True
1010,gate_small_action_updates,0.04976314789589993,0.002473486743379776,13.268142860159495,0,0.6,0,5,1.0,0.01044754551348039,9.449743871718704e-05,0.53470615458426,0.9861831956841353,0.9635815740571835,0.9870997029957616,True
1011,dual_pole,0.059271407526349545,0.003509917312356671,16.13248619228597,0,0.6,0,5,1.0,0.012856933266422232,0.00011618258859621951,0.5298087875610209,0.9793647765225291,0.9661832946240919,0.9909870570522312,True
1011,recurrent,0.06310616496509992,0.00397920561880447,16.225288422922688,0,1.4,0,5,1.0,0.012317816233441203,0.00011628717605318008,0.5328888024003824,0.9754641233891649,0.9654954310788547,0.9806401844954779,True
1011,no_self_model,0.05220592598746023,0.0027222762704102407,16.290378956999646,0,0.6,0,5,1.0,0.011913575964680897,0.0001159238168406915,0.5351034610640689,0.9838830195140573,0.9655456717320297,0.990037564275755,True
1011,reset_capacity_recall,0.05768110845612752,0.003323927834929611,16.153019909526904,0,0.6,0,5,1.0,0.011921260182572332,0.00011590429486541433,0.5304971345011501,0.9805392520609155,0.9660598202693826,0.9908937788834229,True
1011,reset_gain_only_recall,0.05794321676232532,0.003354233930967883,16.149274966251994,0,0.6,0,5,1.0,0.011921510575849208,0.00011592482655144668,0.5303715384320914,0.9803506112685113,0.9660852736561498,0.9909038939013343,True
1011,freeze_capacity_recall,0.0618801905529326,0.0038259755450693136,16.12080509701593,0,0.8,0,5,1.0,0.016310759969292897,0.0007084565396198817,0.5294185241510523,0.9772063056104939,0.9662259518411708,0.9906856345188375,False
1011,reset_freeze_capacity_recall,0.05475370409043089,0.002994785673824534,16.214640209188317,0,0.6,0,5,1.0,0.011914955893104824,0.00011591961722826095,0.5325626962762774,0.9824466644253589,0.9655670239533422,0.990591627357708,True
1011,unit_confidence_recall,0.04110443757665849,0.0016863923506954797,16.766039031613523,0,0.6,0,5,1.0,0.0020317190927695624,2.472616280125151e-07,0.5510451962295749,0.9891017304551465,0.9637612884060912,0.9908031223791878,True
1011,zero_noise,0.05219070006351899,0.002723869173120201,16.290378956999646,0,0.6,0,5,1.0,0.011917918347788846,0.00011407548642841118,0.5358526827980057,0.9839046155743122,0.9655456717320297,0.990037564275755,True
1011,gate_small_action_updates,0.05216640072307798,0.0027181509266028165,16.29288904429168,0,0.6,0,5,1.0,0.011920590611837676,0.0001159247983435103,0.5351854274853116,0.9838966948156778,0.965525891389833,0.9900275515357964,True
1012,dual_pole,0.061689338539961135,0.003802418830298074,15.05855832856117,0,1.0,0,5,1.0,0.015247023893153959,0.00011822673095988164,0.5274391944413755,0.9783713214256733,0.9633200291772711,0.989354782413096,False
1012,recurrent,0.06274825462397628,0.003934187799155498,15.14362163351725,0,1.2,0,5,1.0,0.013308444535608562,0.00011795557408941565,0.5304664842854486,0.9768694095175667,0.9626852215373102,0.9776624767762904,True
1012,no_self_model,0.053696512027862915,0.0028801597447585653,15.210210687768878,0,0.6,0,5,1.0,0.012374294929385923,0.00011727016725997477,0.5328570565170225,0.9836568303022889,0.9624972733507077,0.988269081950687,True
1012,reset_capacity_recall,0.0575098590927705,0.0033042282336704573,15.111838612939247,0,0.6,0,5,1.0,0.012389339334544192,0.00011735992266656115,0.5293420554941686,0.9814223335709625,0.9629553322739565,0.989073504607254,True
1012,reset_gain_only_recall,0.057701527634496146,0.003326310632154661,15.109126514090534,0,0.6,0,5,1.0,0.012391711517974921,0.00011738517654520439,0.529245196965414,0.9812894213842198,0.9629740141517233,0.9890797683321704,True
1012,freeze_capacity_recall,0.07471762103909024,0.0055795672345412385,14.880597986975838,0,0.5,1,5,0.8,0.025503593291839967,0.0019946264034071148,0.521087353997934,0.9675061003098817,0.9646577746566525,0.9891643564823871,False
1012,reset_freeze_capacity_recall,0.05551771441106137,0.0030790609542283094,15.15531481296126,0,0.6,0,5,1.0,0.01237507063867822,0.00011717378324061714,0.5308947756011847,0.9826641961577219,0.9626010942340525,0.9888638136018006,True
1012,unit_confidence_recall,0.04277223179780482,0.0018263081537652848,15.68355228854981,0,0.6,0,5,1.0,0.0035082701794241352,3.1583142387465635e-07,0.5497604060504697,0.9886278415135437,0.9606080422981348,0.9891243104081643,True
1012,zero_noise,0.05367917497382766,0.002881453825870806,15.210210687768878,0,0.6,0,5,1.0,0.012390963663250803,0.00011407549570323846,0.533630464712194,0.9836778600330993,0.9624972733507077,0.988269081950687,True
1012,gate_small_action_updates,0.053642501472221805,0.0028743623049974575,15.213955824210368,0,0.6,0,5,1.0,0.012359970098851316,0.00011736088033384783,0.5329891031211721,0.9836718142819126,0.9624726545620189,0.9882508109569497,True
1013,dual_pole,0.06175633722141017,0.003810710530839805,14.333962784072144,0,0.8,0,5,1.0,0.013410684935011276,0.00010709099325991534,0.5257314819203344,0.9786222145410932,0.9596491187222306,0.9868351259251525,True
1013,recurrent,0.06358783253801174,0.004040277790717499,14.444226767280687,0,1.2,0,5,1.0,0.011957816177801407,0.00010679607584288414,0.5298533103405467,0.9763024439125281,0.9585800825274099,0.9746017355664657,True
1013,no_self_model,0.052988215404438585,0.0028046163155824567,14.513385812750336,0,0.6,0,5,1.0,0.011580491100585451,0.00010596325198730944,0.532458816923551,0.9842190558225613,0.9585964057957822,0.9857727287631401,True
1013,reset_capacity_recall,0.0589226940985994,0.0034687492236723945,14.371412033813906,0,0.6,0,5,1.0,0.011570686215809816,0.0001065387775669268,0.5271358150859996,0.9806828643038293,0.9594052806380547,0.986633888075039,True
1013,reset_gain_only_recall,0.059216212178987614,0.003503425128662155,14.367284449291887,0,0.6,0,5,1.0,0.011568993605550106,0.00010660338570255514,0.5269810418688174,0.9804761485534945,0.9594317339844737,0.9866443718877311,True
1013,freeze_capacity_recall,0.06860494566864382,0.0047035039140328454,14.25924689085033,0,0.5,1,5,0.8,0.020250518111572986,0.0012687195579152394,0.522932027383339,0.9730899574309533,0.9601648208006051,0.9865032294950296,False
1013,reset_freeze_capacity_recall,0.05538765450851345,0.0030646576157897245,14.44395120493362,0,0.6,0,5,1.0,0.011581106550326549,0.00010610108772790938,0.5298560353187483,0.9829185293270636,0.9588551506666224,0.9862929670010502,True
1013,unit_confidence_recall,0.04492416329483653,0.0020150457915764125,14.919405409082216,0,0.6,0,5,1.0,0.0027435432926557995,2.441274875625816e-07,0.5476855801879176,0.9876478712873936,0.9564607387449974,0.9865980407073667,True
1013,zero_noise,0.052933583554856084,0.0028019642679589303,14.513385812750336,0,0.6,0,5,1.0,0.011567546652780349,0.0001062082186449972,0.5331919476130033,0.9842616194410218,0.9585964057957822,0.9857727287631401,True
1013,gate_small_action_updates,0.05305918239523784,0.0028121421802863914,14.51304053524053,0,0.6,0,5,1.0,0.011594133714797223,0.00010660637270379494,0.5324468978262897,0.9841699982858099,0.9586030662457773,0.9857871843045812,True
1014,dual_pole,0.0551954916459559,0.0030436633187433822,12.16759548805409,0,0.8,0,5,1.0,0.011749156858563346,9.324815028968959e-05,0.5303865600483374,0.9827658939095356,0.9602285587468634,0.9848015391183742,True
1014,recurrent,0.05694751806096884,0.0032401408340089663,12.183380676597451,0,1.2,0,5,1.0,0.010950464681513403,9.344667287740833e-05,0.5310813021978127,0.9813352373804524,0.9601768946062964,0.975520584737823,True
1014,no_self_model,0.04950448830906877,0.0024478153834473215,12.23596202425171,0,0.6,0,5,1.0,0.010150659335531071,9.287857161628373e-05,0.5334249223645073,0.986340358318505,0.9599529682507505,0.9847581924934382,True
1014,reset_capacity_recall,0.0526139992796583,0.002765353940904479,12.192965085178528,0,0.6,0,5,1.0,0.010141856235419286,9.280593250075899e-05,0.5315141035186862,0.9844780152436912,0.960091187282543,0.9847730946705602,True
1014,reset_gain_only_recall,0.05270874251927165,0.0027753325586674683,12.19291826177861,0,0.6,0,5,1.0,0.01013999349800012,9.280458431344943e-05,0.5315120144931982,0.9844106743266754,0.9600883647031208,0.984748418892787,True
1014,freeze_capacity_recall,0.06627355296394105,0.004389304843168894,12.080493544425485,0,0.5,1,5,0.8,0.01885936411812926,0.0015073654425066046,0.5265174504682396,0.9742836591721046,0.9605893792047259,0.984815601373616,False
1014,reset_freeze_capacity_recall,0.052013205955879584,0.0027024946145133414,12.20026742640316,0,0.6,0,5,1.0,0.010151600077306349,9.28951298619455e-05,0.5318386845303082,0.984854330590007,0.9600379260924944,0.9847929471253447,True
1014,unit_confidence_recall,0.03898647469828224,0.0015170662301043957,12.66697726877418,0,0.6,0,5,1.0,0.002682534466089225,2.8827604664087687e-07,0.5525813064689377,0.9906896204792837,0.9573794928055105,0.9844944942176801,True
1014,zero_noise,0.049425797881904474,0.0024429094962628724,12.23596202425171,0,0.6,0,5,1.0,0.010137646465722912,9.047367071173265e-05,0.5341915757096437,0.9864001506815621,0.9599529682507505,0.9847581924934382,True
1014,gate_small_action_updates,0.04951023022419102,0.0024483839175569928,12.234954988691428,0,0.6,0,5,1.0,0.01013278183295352,9.280428174142308e-05,0.5333803825897977,0.9863431531865114,0.9599677202620498,0.9847705270334418,True
1015,dual_pole,0.058383253944377024,0.003405704547911934,11.846407673510006,0,1.0,0,5,1.0,0.01216337765037281,8.721761282804282e-05,0.5283730162566973,0.9805185294782982,0.9686072958434302,0.986040641953196,True
1015,recurrent,0.05513977362551949,0.003037494842251853,11.925119948803532,0,1.0,0,5,1.0,0.010279312001799103,8.677837927137261e-05,0.531940525448257,0.982483480302103,0.9682870974237393,0.9772461631493443,True
1015,no_self_model,0.04801553143874653,0.002302591466123575,11.985746702127054,0,0.6,0,5,1.0,0.009596140515587534,8.61393757944702e-05,0.5347081200247172,0.9870657434033893,0.9680753763681288,0.985652466487811,True
1015,reset_capacity_recall,0.054381529950820656,0.0029544510065703223,11.89285546339911,0,0.8,0,5,1.0,0.009599863580482107,8.638484675394522e-05,0.5304842038010047,0.9832608249739849,0.9683013722228923,0.985784015850914,True
1015,reset_gain_only_recall,0.05460277470863515,0.002978563212660284,11.889950871188494,0,0.8,0,5,1.0,0.0096002859710914,8.641421135742224e-05,0.5303522485788211,0.9831170490476515,0.9683202668003251,0.9857915692699074,True
1015,freeze_capacity_recall,0.07002195423686973,0.004900174281928595,11.715436069998496,0,0.75,1,5,0.8,0.021019220165469074,0.0019096480307889746,0.5224234641142428,0.9713212914164338,0.9694637422718052,0.9857699384787167,False
1015,reset_freeze_capacity_recall,0.051924067815800286,0.0026932090253181454,11.941131398636363,0,0.8,0,5,1.0,0.009598088222818778,8.630876568599182e-05,0.5326784881774004,0.9847079799908043,0.9679244966434469,0.9855009135798123,True
1015,unit_confidence_recall,0.043691805366378185,0.001906074062951792,12.319297711908883,0,0.8,0,5,1.0,0.003252588474955654,2.2345133645469854e-07,0.5498680170615066,0.9882802113986024,0.9660955268250752,0.9857901416798711,True
1015,zero_noise,0.04799039829267885,0.002303078328289953,11.985746702127054,0,0.6,0,5,1.0,0.009597882219698442,8.654003063680735e-05,0.5354165397087417,0.9870967504771487,0.9680753763681288,0.985652466487811,True
1015,gate_small_action_updates,0.04813858830086426,0.0023144238903784237,11.98328862631894,0,0.6,0,5,1.0,0.009647355532596203,8.641612890550512e-05,0.5345961154577159,0.9870013089142865,0.9680944072381443,0.9856616397168395,True
1016,dual_pole,0.06108397299378102,0.0037282305093484136,12.989644572306347,0,1.2,0,5,1.0,0.013831247028081157,9.455074388491327e-05,0.5260305322616813,0.9790590026891666,0.9663414057631338,0.9874286053376132,True
1016,recurrent,0.059724260683492014,0.003563966066833154,13.101248104623934,0,1.4,0,5,1.0,0.01230490915054851,9.434368499915855e-05,0.5306154825478375,0.979405274309914,0.9654808056133849,0.9763413343635109,True
1016,no_self_model,0.05077786154900468,0.0025753699761333322,13.173557154068675,0,0.6,0,5,1.0,0.011107215825608908,9.340484824813744e-05,0.5336430456235625,0.9855762545667855,0.9652767914186798,0.9862944104470546,True
1016,reset_capacity_recall,0.05681627846394099,0.003225068251135528,13.04372433196073,0,0.8,0,5,1.0,0.011096165616512381,9.370945261177123e-05,0.5282684163067761,0.9820717178898271,0.9660041634753508,0.987136031345862,True
1016,reset_gain_only_recall,0.05722670755392619,0.0032718748101060366,13.038022483673396,0,0.8,0,5,1.0,0.01109381518029366,9.373446045790242e-05,0.528032372990061,0.9817959247535919,0.966043214164598,0.987156175867348,True
1016,freeze_capacity_recall,0.07131215186368968,0.005082401756073382,12.87867267336892,0,0.5,1,5,0.8,0.023632832810361576,0.0018989244971453912,0.521442280752585,0.9707406746739787,0.9670945639002498,0.9868631817474058,False
1016,reset_freeze_capacity_recall,0.05193656052888225,0.0026943850722136935,13.14104437348523,0,0.6,0,5,1.0,0.011108149523319203,9.362140919707396e-05,0.5322955649008819,0.9849843879317842,0.9652484078003534,0.9865632639135578,True
1016,unit_confidence_recall,0.04528137970066482,0.002047382100239225,13.505274462180898,0,0.8,0,5,1.0,0.0038404606668775076,2.4616070327154917e-07,0.5473669403986845,0.9875891925412363,0.963877132299722,0.9871012120375434,True
1016,zero_noise,0.050723738976654734,0.0025728976957718024,13.173557154068675,0,0.6,0,5,1.0,0.011090815492730288,9.4407310786659e-05,0.5344551451053452,0.9856118224965943,0.9652767914186798,0.9862944104470546,True
1016,gate_small_action_updates,0.050739124006162886,0.0025714374575562192,13.176407784208996,0,0.6,0,5,1.0,0.011107447521492553,9.372569412178667e-05,0.5337586757446288,0.9855849750163944,0.9652480673902847,0.9862786974126738,True
1017,dual_pole,0.0638575379300253,0.004074761234721092,13.118320656569539,0,1.4,0,5,1.0,0.014048550126471741,9.348229757889176e-05,0.5235285538185165,0.9771643890102388,0.9607027990440016,0.9883526299848949,True
1017,recurrent,0.05893579808112898,0.00347040437969608,13.301947346871382,0,1.2,0,5,1.0,0.011453424970105562,9.272206243809014e-05,0.5309928407172729,0.9799580270850797,0.9595580378629256,0.9774678523001321,True
1017,no_self_model,0.05048134394146606,0.0025453421703730654,13.369951384837904,0,0.6,0,5,1.0,0.010463249315491686,9.12066557467393e-05,0.5337990517463014,0.985738133623739,0.9592637482093629,0.9867207368573582,True
1017,reset_capacity_recall,0.05860206780245952,0.003431178434960536,13.187502456219363,0,1.0,0,5,1.0,0.010455291228987739,9.234122953820306e-05,0.5263523290464092,0.9810091377767156,0.9602534396113848,0.9879528591654742,True
1017,reset_gain_only_recall,0.058979412405428006,0.0034755471719260266,13.181926850329907,0,1.0,0,5,1.0,0.010454164573526895,9.24625000375377e-05,0.526124719989163,0.9807497029019148,0.9602908667658395,0.9879721839686063,True
1017,freeze_capacity_recall,0.07814942703741726,0.006104309030513074,12.933136198392818,0,1.0,1,5,0.8,0.02707442322420722,0.0024580869632640934,0.5159747695970244,0.9648882158189739,0.9620264029568207,0.9878526247213424,False
1017,reset_freeze_capacity_recall,0.05426646779472134,0.0029418256111520013,13.2791698616825,0,0.8,0,5,1.0,0.010464151528287429,9.160129297976856e-05,0.5300938904403252,0.9836610649465781,0.9595239364229268,0.9874251855993571,True
1017,unit_confidence_recall,0.04903640021995072,0.002401544630767656,13.630100022327554,0,1.0,0,5,1.0,0.0041024294424760145,3.0295117243173996e-07,0.5444175066025259,0.9854914436536806,0.9578429640167455,0.9881372710591362,True
1017,zero_noise,0.05046370006474631,0.002546585024224677,13.369951384837904,0,0.6,0,5,1.0,0.01046047687786391,9.440730460344001e-05,0.5345175393543471,0.9857556318087154,0.9592637482093629,0.9867207368573582,True
1017,gate_small_action_updates,0.0505053834072587,0.0025477698373506754,13.370005938949655,0,0.6,0,5,1.0,0.010485635538939116,9.246343198207431e-05,0.5338014212623087,0.9857214572616456,0.959263273122169,0.9867203054894961,True
1018,dual_pole,0.05751513129490281,0.0033048527134309537,14.604060244017182,0,0.8,0,5,1.0,0.012403179765445208,0.0001048032837499839,0.5318491181783193,0.981197343331101,0.968514650901651,0.9896699722885677,True
1018,recurrent,0.05610677148711106,0.003144832192267943,14.653276602003183,0,1.0,0,5,1.0,0.01151126480219115,0.0001048675476347664,0.5336594734420664,0.9819623609199625,0.9681170808806737,0.9832142872836347,True
1018,no_self_model,0.05042085083947286,0.002539124584937415,14.709780043519567,0,0.6,0,5,1.0,0.01094288117282519,0.00010420998620884758,0.535765349915556,0.9857087828246767,0.9677959084135562,0.9892740928382413,True
1018,reset_capacity_recall,0.055163313474343036,0.0030398535390296806,14.632877955884224,0,0.6,0,5,1.0,0.010937021423628098,0.00010436110655654924,0.532916480062484,0.9828042543026074,0.9683197500778068,0.9895125403524159,True
1018,reset_gain_only_recall,0.05534557541540788,0.003059995103623646,14.630398184314487,0,0.6,0,5,1.0,0.010935393536696671,0.00010439049489265945,0.5328245953642181,0.9826839056760267,0.9683361539684266,0.9895198691604459,True
1018,freeze_capacity_recall,0.06406793249440677,0.004101562359668906,14.529724415901583,0,0.5,1,5,0.8,0.017674575407365743,0.0010441752677827676,0.5290979372561804,0.9763048179664872,0.9690353063890392,0.9894634876532928,False
1018,reset_freeze_capacity_recall,0.05316175098528353,0.0028230341533823397,14.674099390776249,0,0.6,0,5,1.0,0.01094302786979709,0.0001045263275795659,0.5344432576656983,0.9840080932756452,0.9679892071878239,0.9892955441397251,True
1018,unit_confidence_recall,0.039703494195677876,0.0015732298369072716,15.191260116384742,0,0.6,0,5,1.0,0.0021179910467963078,2.5527246204505153e-07,0.5535972628125266,0.9902281104233093,0.9661216802982411,0.9895071649296596,True
1018,zero_noise,0.05039266117728239,0.0025394203005283836,14.709780043519567,0,0.6,0,5,1.0,0.010937208037913974,0.0001062082124617782,0.5364163553800699,0.9857572175927591,0.9677959084135562,0.9892740928382413,True
1018,gate_small_action_updates,0.05039279655632103,0.0025362963303278054,14.70848461797845,0,0.6,0,5,1.0,0.010911436920000645,0.00010438830198697105,0.5357169885332163,0.9857360219829655,0.9678094172132871,0.9892678327675499,True
1019,dual_pole,0.06251820437367565,0.0039055311681234044,13.450145141211971,0,1.2,0,5,1.0,0.012422142349523758,9.952020940213801e-05,0.5266512113304762,0.9778417633863713,0.9585163257092293,0.9874785824203975,True
1019,recurrent,0.060937283691893905,0.0037103578337610854,13.550133797318958,0,1.2,0,5,1.0,0.011438502252256802,9.919599485310554e-05,0.5306464124715279,0.9784902166787912,0.9579871089524103,0.9760112097683662,True
1019,no_self_model,0.05094858531166036,0.0025927636352742604,13.620166706962559,0,0.6,0,5,1.0,0.010445375633931487,9.804337814416821e-05,0.5334505531426722,0.9855443299580571,0.9578249103271043,0.987033110952033,True
1019,reset_capacity_recall,0.05921644004711237,0.0035035920618679806,13.484777647892614,0,1.0,0,5,1.0,0.010439120155999022,9.883392599991511e-05,0.5280363725622289,0.9803106936908272,0.958319443085016,0.987427826997194,True
1019,reset_gain_only_recall,0.05981363185937643,0.0035746758462237376,13.484437242895625,0,1.0,0,5,1.0,0.010437570868878698,9.892386835973964e-05,0.5280228925437622,0.9798322628237623,0.9582908388778771,0.9873021841713361,True
1019,freeze_capacity_recall,0.06949572489676721,0.004826661068941876,13.336647617524344,0,0.75,1,5,0.8,0.019742563163703097,0.001499908021361934,0.5221139583567247,0.9724620310707967,0.9594085243640511,0.9881326214216792,False
1019,reset_freeze_capacity_recall,0.055196068974461665,0.003043611320248256,13.517787431164024,0,0.8,0,5,1.0,0.010446249239203528,9.814840392113665e-05,0.5293566040685868,0.9831920093749145,0.9581740301780993,0.9879455752282411,True
1019,unit_confidence_recall,0.04761576013689746,0.0022642659034292794,13.991354187035256,0,1.0,0,5,1.0,0.0026738419530918725,2.280287584699626e-07,0.5482995709357474,0.9861381344315755,0.9552653935063707,0.9872787263098451,True
1019,zero_noise,0.05092012773062065,0.002592859408102722,13.620166706962559,0,0.6,0,5,1.0,0.01043890042395655,9.834094004095083e-05,0.5341310836556361,0.9855739459685287,0.9578249103271043,0.987033110952033,True
1019,gate_small_action_updates,0.05095396308670821,0.0025933116442563493,13.62010026548063,0,0.6,0,5,1.0,0.010404912545657615,9.89004997905219e-05,0.5334493939956899,0.985540955304091,0.9578359065590378,0.9870253741832903,True
1020,dual_pole,0.05943824741361326,0.0035299511555185446,13.214302318454907,0,1.0,0,5,1.0,0.015101448755286203,0.00010538812891606065,0.5296527524727553,0.97998398062837,0.9631489764887263,0.9857938003247758,False
1020,recurrent,0.05635219338323843,0.003172615599018542,13.229131300411495,0,1.0,0,5,1.0,0.013081433649210938,0.00010489226100539226,0.5302367720996506,0.9822872488610042,0.9631926527248202,0.9803696419061171,True
1020,no_self_model,0.05227187898238476,0.002729395232265718,13.281199336779522,0,0.6,0,5,1.0,0.011910981535392665,0.0001031032491683225,0.532384843014996,0.9849150446361904,0.9627861249476828,0.9860839356333846,True
1020,reset_capacity_recall,0.05436500208799973,0.0029525993519448554,13.261851636601373,0,0.6,0,5,1.0,0.011923399983322258,0.00010426814605960745,0.5315935310195793,0.9835425246356861,0.9628736612096026,0.9858775375751069,True
1020,reset_gain_only_recall,0.05480185060976388,0.0030002887301715177,13.26270450921823,0,0.6,0,5,1.0,0.011925249673374157,0.00010439109360403943,0.5316283473425817,0.9832156543289171,0.9628441063309312,0.9857320590371105,True
1020,freeze_capacity_recall,0.07682418630528536,0.005899001501385834,13.063117972481043,0,0.75,1,5,0.8,0.027975306983944372,0.002987167191340609,0.5234864525213013,0.9652331747349158,0.9637947381109283,0.9860897038266836,False
1020,reset_freeze_capacity_recall,0.05238533209714063,0.002741268918844353,13.279723654753269,0,0.6,0,5,1.0,0.011911722224365297,0.00010323349775999955,0.5323229759298254,0.9848451366685382,0.9627828331589354,0.9860654063846138,True
1020,unit_confidence_recall,0.04160086431218496,0.0017276778114374647,13.773905869798151,0,0.8,0,5,1.0,0.004392847273355608,3.4986967823411106e-07,0.5524937144998423,0.9894139703722792,0.9606408111112246,0.9853936241715537,True
1020,zero_noise,0.052291915077954776,0.0027344443825200342,13.281199336779522,0,0.6,0,5,1.0,0.01193411268136043,0.00010227459093650899,0.5330273424418188,0.9849256932220497,0.9627861249476828,0.9860839356333846,True
1020,gate_small_action_updates,0.05243353438120781,0.002746321427621943,13.277755659115451,0,0.6,0,5,1.0,0.01198924213360839,0.00010440753188775806,0.5322426728371458,0.9848244974780253,0.9628052522363318,0.9860975391183532,True
1021,dual_pole,0.05738790373580836,0.0032903213413378683,13.339773275654702,0,0.8,0,5,1.0,0.012342285128929112,9.325188136861339e-05,0.529232384748512,0.9814863782139499,0.9664689965076096,0.9868088780139712,True
1021,recurrent,0.05888393185669182,0.0034642672770509877,13.408519163772125,0,1.0,0,5,1.0,0.011382767690156805,9.326007351326248e-05,0.5320011351414978,0.979883339918921,0.9660699581258786,0.9775354044207528,True
1021,no_self_model,0.05040788044523874,0.0025379042571289433,13.468148500222519,0,0.6,0,5,1.0,0.010878659885416544,9.261525832563899e-05,0.5344370399079166,0.9857195049949959,0.9659324448097539,0.9863906582349287,True
1021,reset_capacity_recall,0.0549891114356419,0.0030207522226289043,13.357676087922053,0,0.6,0,5,1.0,0.010887316136190959,9.283050106282193e-05,0.529958149018285,0.9831851658607804,0.9664338969711143,0.9870775159801085,True
1021,reset_gain_only_recall,0.05524008584108305,0.0030484169298776857,13.35390998622313,0,0.6,0,5,1.0,0.010888979074889088,9.286814501513528e-05,0.5298054928359002,0.9830242010781569,0.96645772797606,0.9870923458636622,True
1021,freeze_capacity_recall,0.0690256907913783,0.004761495835374429,13.371408816302578,0,0.5,1,5,0.8,0.02151941471644319,0.0016433663994328055,0.5305094765792092,0.9715359384826969,0.965300911138954,0.98638851117153,False
1021,reset_freeze_capacity_recall,0.05227976819275427,0.0027301240084355825,13.41480432927897,0,0.6,0,5,1.0,0.010879265326852293,9.295785690579747e-05,0.5322741201729737,0.9847623956754115,0.9660187739944778,0.9867303731162698,True
1021,unit_confidence_recall,0.042163474819503735,0.0017747084550023865,13.863776731086046,0,0.6,0,5,1.0,0.0033415337043246206,3.2562192928880307e-07,0.5504757672439343,0.9891559749416197,0.963928827564534,0.9864334340623692,True
1021,zero_noise,0.050398962482402054,0.00254005541930257,13.468148500222519,0,0.6,0,5,1.0,0.0108937618370065,9.440730769504981e-05,0.5350741081259995,0.9857463513878063,0.9659324448097539,0.9863906582349287,True
1021,gate_small_action_updates,0.05033101486140458,0.00253016090312639,13.469140685356743,0,0.6,0,5,1.0,0.010845101256286002,9.285466232718592e-05,0.5344770007738207,0.9857654882762793,0.965916633565779,0.9863550472849033,True
1022,dual_pole,0.059876657191269576,0.0035822461821595733,12.546889526859864,0,1.0,0,5,1.0,0.012498310910763415,9.039606136424673e-05,0.5262653286432553,0.9798620575956866,0.9619020690905447,0.9867211216493437,True
1022,recurrent,0.05689609033236897,0.0032341972008678496,12.662644468516328,0,1.0,0,5,1.0,0.011414887626477487,9.083317355506519e-05,0.5312509607834496,0.9814136043550514,0.9610558713951546,0.9776905403431526,True
1022,no_self_model,0.04968668705451644,0.002465798976212211,12.726947601174786,0,0.6,0,5,1.0,0.010263662919988648,9.096410041095404e-05,0.5339813379471513,0.9861751741206345,0.9607791349203225,0.9857124616768005,True
1022,reset_capacity_recall,0.056312612355018804,0.003168142416005376,12.591291940537658,0,0.6,0,5,1.0,0.01026100013396938,8.984236362944604e-05,0.5281682398530708,0.9823472649899655,0.96161951177258,0.9864741183263035,True
1022,reset_gain_only_recall,0.05667614256152072,0.00320921724141258,12.58621777395526,0,0.8,0,5,1.0,0.010261688466463522,8.974360383991114e-05,0.5279508217492622,0.9821053795050653,0.9616540479897534,0.9864916317614288,True
1022,freeze_capacity_recall,0.06822765299149418,0.004652044738486505,12.46443192450902,0,0.5,1,5,0.8,0.02042379833247169,0.001586295424722029,0.5227344729173168,0.9732289644320375,0.9624510100821309,0.9862306252669127,False
1022,reset_freeze_capacity_recall,0.05208065739061413,0.002709426979997289,12.67552228862485,0,0.6,0,5,1.0,0.01026455212963789,9.10922060188258e-05,0.5317780553323264,0.9848648358942454,0.9609479917353679,0.9859764657698598,True
1022,unit_confidence_recall,0.04492905285002172,0.002015651895758804,13.042746044426265,0,0.8,0,5,1.0,0.0031888632410965647,2.7894027070828144e-07,0.5475163243620256,0.9877592325920566,0.9591310008810242,0.9864479514321527,True
1022,zero_noise,0.04960784974621958,0.0024609387564434983,12.726947601174786,0,0.6,0,5,1.0,0.010245822028352471,9.047366916592857e-05,0.5347753313863113,0.9862328789901933,0.9607791349203225,0.9857124616768005,True
1022,gate_small_action_updates,0.04976427309264617,0.0024735149821982273,12.724913371471834,0,0.6,0,5,1.0,0.010293558835742761,8.976108430094675e-05,0.5338949084267774,0.9861359254385439,0.9607849999482055,0.9857406366281345,True
1023,dual_pole,0.05666067423526764,0.0032075100375722164,13.108232640784172,0,0.8,0,5,1.0,0.012788844871726258,0.00010102309427976589,0.5294149521179325,0.9822349386418769,0.9656546491196142,0.9867899731739261,True
1023,recurrent,0.05753425369336353,0.00330726838082941,13.168864927994717,0,1.0,0,5,1.0,0.011985116105598687,0.00010088378667508845,0.5319096452971414,0.9811495138757284,0.9651727084314916,0.9774779439966144,True
1023,no_self_model,0.050195439511327405,0.0025166601805124236,13.2273782454241,0,0.6,0,5,1.0,0.010922461538682439,9.98604433613019e-05,0.53431159243949,0.9860686676451229,0.9649789546709208,0.9860673608456287,True
1023,reset_capacity_recall,0.05376461839645397,0.002887712224093411,13.139387519804131,0,0.6,0,5,1.0,0.010938562406925466,0.00010033983248463823,0.5306953370419873,0.9841714237596036,0.96547374946854,0.9866821120839743,True
1023,reset_gain_only_recall,0.053874750685540033,0.002899566794206191,13.137686207257255,0,0.6,0,5,1.0,0.010941563949743174,0.00010040467927576843,0.5306253698044754,0.9841035487098614,0.9654857089144726,0.9866896719581376,True
1023,freeze_capacity_recall,0.06674515412967971,0.004451993632571797,13.023380030877547,0,0.5,1,5,0.8,0.01949647920528102,0.0016177595331642596,0.5259305424788192,0.9744725127879529,0.9661268222500748,0.986624656734555,False
1023,reset_freeze_capacity_recall,0.052659684112381866,0.0027701203635929384,13.163923305480347,0,0.6,0,5,1.0,0.010921913333403938,9.986274597319675e-05,0.5317036990399548,0.9847908520227941,0.9652702574740507,0.9865322961220985,True
1023,unit_confidence_recall,0.039330007087012044,0.0015439274902415122,13.650669735220072,0,0.6,0,5,1.0,0.0029081082183167566,2.639174643865472e-07,0.5517068862508226,0.9906354555943603,0.9632752988383754,0.9864984625535925,True
1023,zero_noise,0.050206995253687575,0.002520742372403807,13.2273782454241,0,0.6,0,5,1.0,0.010951123387113525,9.834094622416952e-05,0.5350636013329111,0.986067757087188,0.9649789546709208,0.9860673608456287,True
1023,gate_small_action_updates,0.05029127462682712,0.0025262903363680402,13.2271238486143,0,0.6,0,5,1.0,0.010969067543108401,0.00010039937935942476,0.5343008933208456,0.9860056415486314,0.9649868291354569,0.9860822659815776,True
1024,dual_pole,0.05229248323179434,0.0027316718017204307,11.064453300188982,0,0.8,0,5,1.0,0.010678552792110314,7.576517517160136e-05,0.533324251580911,0.9838706299739431,0.9668277621067354,0.9849096722540377,True
1024,recurrent,0.05266483787681733,0.002770753147764392,11.083910015420528,0,1.0,0,5,1.0,0.008973595529611005,7.537526811473755e-05,0.5342784547259494,0.9834874236560206,0.9665548345443288,0.9771527002606146,True
1024,no_self_model,0.044896325068785464,0.0020128480038549917,11.13690362036847,0,0.6,0,5,1.0,0.00829722512940797,7.460322050982835e-05,0.5368879933528805,0.9883630418171026,0.9662860754348696,0.9849827593540389,True
1024,reset_capacity_recall,0.04831206123410178,0.002331223259860539,11.099277088545103,0,0.6,0,5,1.0,0.008299626362696773,7.495558407963659e-05,0.5350368957395107,0.9864048746609955,0.9666377547480058,0.9849090000491799,True
1024,reset_gain_only_recall,0.04835349413423646,0.0023352283941625775,11.09900401708049,0,0.6,0,5,1.0,0.008299178598200396,7.498981366891512e-05,0.5350234633706186,0.9863790465599003,0.9666392300016297,0.9849066660522386,True
1024,freeze_capacity_recall,0.06945900211638682,0.004821720974177168,10.961771865952903,0,0.75,1,5,0.8,0.021231053604547107,0.002339874060573698,0.5282773722438066,0.9702708492238941,0.9669936832605247,0.9847885102328557,False
1024,reset_freeze_capacity_recall,0.04787694541542057,0.002289369901484099,11.105933651309163,0,0.6,0,5,1.0,0.008298198681930161,7.477955290616081e-05,0.535364281509259,0.9866516359566515,0.9665811970286136,0.9848795365587679,True
1024,unit_confidence_recall,0.038807355473539064,0.0015031788380225604,11.473509831750022,0,0.6,0,5,1.0,0.0033830636379531764,2.962726562196578e-07,0.5534417852529339,0.9905411102956351,0.9644507293167036,0.9846486379526312,True
1024,zero_noise,0.044887156382271164,0.002014856808086467,11.13690362036847,0,0.6,0,5,1.0,0.008293758789058216,7.473911350364095e-05,0.5376232098902083,0.9883755497356369,0.9662860754348696,0.9849827593540389,True
1024,gate_small_action_updates,0.04495433987806153,0.0020180606730452115,11.136227361571883,0,0.6,0,5,1.0,0.00832307383836568,7.498439593072396e-05,0.5368545204341263,0.9883313134847954,0.9662885641988114,0.9849887942276023,True
1025,dual_pole,0.05703715794162769,0.003250226130592822,13.728347016129057,0,0.8,0,5,1.0,0.012396914276073673,9.601668444941843e-05,0.5312768280734133,0.9815505223929766,0.9629229311989725,0.9880810249040416,True
1025,recurrent,0.05643962649184046,0.0031824201830730984,13.756644612057405,0,1.2,0,5,1.0,0.011352054014472927,9.65248494450601e-05,0.5323977097307232,0.9818252941996379,0.9627503851309022,0.9813486351097819,True
1025,no_self_model,0.05005986461918233,0.0025029787902255025,13.816560937731794,0,0.6,0,5,1.0,0.010371614642454131,9.630026035069297e-05,0.5347638645089088,0.9860137845803384,0.9624618495166226,0.9883232281873664,True
1025,reset_capacity_recall,0.053876419735816757,0.002899657348084544,13.742331833076653,0,0.6,0,5,1.0,0.010376185398699306,9.556878209100307e-05,0.5318295710225388,0.9838198994973015,0.9628821225292065,0.9887099604488948,True
1025,reset_gain_only_recall,0.05400440883038328,0.0029134649176538185,13.741641802765514,0,0.6,0,5,1.0,0.01037689419411491,9.551968192867609e-05,0.5318022496266466,0.9837312933336113,0.9628834014329755,0.9886955250003124,True
1025,freeze_capacity_recall,0.07228631105613063,0.0052222995106383134,13.718403358058069,0,0.5,1,5,0.8,0.023022207369377386,0.0021797574441278326,0.5308829123095969,0.9686021881330618,0.9621150383789022,0.9880411370529345,False
1025,reset_freeze_capacity_recall,0.05263013409261008,0.002766919759140758,13.761243807452082,0,0.6,0,5,1.0,0.010371672395782556,9.660898962131607e-05,0.5325762015775737,0.984589972788103,0.9627459578724826,0.9886707177860065,True
1025,unit_confidence_recall,0.04129913962024893,0.0017026076779074533,14.270725795316364,0,0.6,0,5,1.0,0.003206964503061485,2.5630247010284425e-07,0.5526865180482375,0.9895228002089859,0.9600675262568137,0.9880975427405819,True
1025,zero_noise,0.05002615306078935,0.002502615990061524,13.816560937731794,0,0.6,0,5,1.0,0.010369902509022005,9.834093849514631e-05,0.5355022720503169,0.9860446066850065,0.9624618495166226,0.9883232281873664,True
1025,gate_small_action_updates,0.05012545973066574,0.002509550457745232,13.815898003812507,0,0.6,0,5,1.0,0.010399295055075789,9.553050637715535e-05,0.5347334302203047,0.985973978399167,0.9624664871139837,0.9883374379359224,True
1026,dual_pole,0.05671898806036476,0.0032139205600602515,14.149724147613739,0,0.6,0,5,1.0,0.013006026569601047,0.00010801538109455256,0.5319669555930358,0.9818691395223746,0.9734944921052605,0.9876960597838154,True
1026,recurrent,0.056575555679189635,0.003197670453877538,14.167219094524617,0,0.8,0,5,1.0,0.01279453699354231,0.00010803041053871328,0.532637918579034,0.9818630882788303,0.9733497183330074,0.9813597041935285,True
1026,no_self_model,0.051600227811276655,0.0026594604636441008,14.21879446659649,0,0.2,0,5,1.0,0.012129645396673943,0.00010673010915198699,0.5346063627464832,0.9851555792258779,0.9730797343939549,0.9874950407189055,True
1026,reset_capacity_recall,0.05518840263571497,0.003042636738950243,14.169653056080955,0,0.4,0,5,1.0,0.012132058779790667,0.0001076847788891683,0.5327284650863152,0.9828916003164213,0.9733590339095416,0.9875771833109941,True
1026,reset_gain_only_recall,0.05541982516011524,0.0030682339742461938,14.166448905978635,0,0.4,0,5,1.0,0.01213190094497916,0.00010778650228722605,0.5326061172365505,0.9827401905331072,0.973381122158416,0.9875864517565014,True
1026,freeze_capacity_recall,0.059384958733392695,0.0035234502772352044,14.124109131061184,0,0.4,0,5,1.0,0.016253687715107903,0.000576437869134087,0.530989055970582,0.9799552870947785,0.9737132272411696,0.9874231035345359,False
1026,reset_freeze_capacity_recall,0.052547330233490196,0.0027580988681359235,14.22254792135981,0,0.2,0,5,1.0,0.01213002182571004,0.00010690326130451702,0.5347498122358936,0.9844672365125245,0.9729322894800938,0.9873015633845964,True
1026,unit_confidence_recall,0.03759888627293907,0.0014105532024338574,14.739338167196342,0,0.4,0,5,1.0,0.0022935071766700824,3.301455881506874e-07,0.5544999743837713,0.9913058554834961,0.971544160217037,0.9873624336635193,True
1026,zero_noise,0.05158436233919467,0.002660946437941325,14.21879446659649,0,0.2,0,5,1.0,0.012138827441792026,0.00010620822482821603,0.5353349539272207,0.9851896704381483,0.9730797343939549,0.9874950407189055,True
1026,gate_small_action_updates,0.05164440800926553,0.002664021832095941,14.216390533277982,0,0.4,0,5,1.0,0.012144083672896037,0.00010777845353971702,0.5345147022754585,0.9851402704516468,0.9731000185277686,0.9875159054705991,True
1027,dual_pole,0.051688509777783914,0.0026685946337762496,11.475943349701796,0,0.6,0,5,1.0,0.010561096932015419,8.317069478486737e-05,0.5337812147543152,0.9846402759193486,0.9697583761423995,0.9884769627383762,True
1027,recurrent,0.05011619544781085,0.002508525636891364,11.496995153896718,0,0.4,0,5,1.0,0.009590483355653736,8.301812121826703e-05,0.5347938924222368,0.9855920440514612,0.969585564404379,0.9827878586981496,True
1027,no_self_model,0.04550484985000744,0.002067583950599909,11.539137149233168,0,0.4,0,5,1.0,0.00894590984274301,8.199590479604268e-05,0.5367667698650576,0.9883251357620587,0.9693533723034798,0.9885084183922248,True
1027,reset_capacity_recall,0.04876684909352727,0.0023750981612390486,11.50617828380353,0,0.4,0,5,1.0,0.008942573621111746,8.264982274654044e-05,0.535209675740954,0.9864420223271666,0.9695775347776667,0.9882638894748672,True
1027,reset_gain_only_recall,0.04900885885347584,0.002398760836848104,11.50505170653665,0,0.4,0,5,1.0,0.00894193605561449,8.273757845073144e-05,0.5351564105738367,0.9862883487081248,0.9695781699086462,0.98827016900306,True
1027,freeze_capacity_recall,0.05976494565961452,0.003568741320424864,11.360387593639848,0,0.4,0,5,1.0,0.016675719711891378,0.0011125454609580195,0.528323952739732,0.9792906099788156,0.9706523175133146,0.9889205316680337,False
1027,reset_freeze_capacity_recall,0.04595742555630028,0.0021089775544910687,11.522658511407611,0,0.4,0,5,1.0,0.008945817218559696,8.216455945895454e-05,0.5359883208897929,0.9881476576947765,0.9695066316023077,0.9886912033116865,True
1027,unit_confidence_recall,0.0357670008708635,0.0012761709420245372,11.93044996381276,0,0.4,0,5,1.0,0.002289529330784091,1.9660653262253756e-07,0.5552539692270664,0.9920686041042005,0.9678448033720364,0.9882600282503022,True
1027,zero_noise,0.045440262467012583,0.0020648174530709922,11.539137149233168,0,0.2,0,5,1.0,0.008940002321964569,8.260639056188172e-05,0.5375907107939931,0.9883742973120605,0.9693533723034798,0.9885084183922248,True
1027,gate_small_action_updates,0.04543037802321423,0.0020608118380603334,11.539905998132802,0,0.4,0,5,1.0,0.008877748277480266,8.272778452468816e-05,0.5368030762009434,0.9883663806985322,0.9693458429404368,0.988490716068155,True
1028,dual_pole,0.05931520045750078,0.0035154102467604576,12.319935587758918,0,1.0,0,5,1.0,0.012830002009239755,8.714708315202025e-05,0.5283332514499607,0.9798988721439258,0.9665908142138601,0.9870519049937438,True
1028,recurrent,0.05625517649414251,0.003161762123834081,12.416924067909108,0,1.0,0,5,1.0,0.010301684784871078,8.694068869098521e-05,0.5325641839939321,0.9816564691912674,0.9659576015342571,0.9781603175683795,True
1028,no_self_model,0.04825759334178485,0.002325912556588035,12.47673227905013,0,0.6,0,5,1.0,0.009713012875276036,8.683255392082949e-05,0.5352026933589962,0.9869031593561465,0.9657674700867167,0.9865630208146842,True
1028,reset_capacity_recall,0.05424671504089013,0.002939823334174493,12.375112824232572,0,0.6,0,5,1.0,0.009715327335013471,8.62743471903647e-05,0.5307498016845443,0.983413750764891,0.9662692050728171,0.9868774163214348,True
1028,reset_gain_only_recall,0.054764253069439,0.0029962406557005154,12.374760590640776,0,0.6,0,5,1.0,0.009715955097183305,8.623952536112567e-05,0.5307343421087601,0.9830344894462185,0.9662495808530781,0.986714421549253,True
1028,freeze_capacity_recall,0.07293094151503703,0.005316039471716709,12.12041052314481,0,0.5,1,5,0.8,0.02401697627546964,0.002168649037859287,0.5195991136810144,0.9691789121728368,0.968047246218267,0.9873597260584496,False
1028,reset_freeze_capacity_recall,0.05088002785755743,0.002585894476232777,12.416390726499046,0,0.6,0,5,1.0,0.009714810952482148,8.69752411055953e-05,0.5325576372429198,0.9855319016393909,0.9660138755284903,0.9869811382359175,True
1028,unit_confidence_recall,0.04465593746847483,0.0019912699926352907,12.789872796324405,0,0.6,0,5,1.0,0.0037720601785417207,2.481161351605557e-07,0.5489144447077482,0.9878213596258185,0.9641294568398354,0.9868247606299433,True
1028,zero_noise,0.048177874470243895,0.0023211075884705785,12.47673227905013,0,0.6,0,5,1.0,0.009706057782328002,8.654002909100328e-05,0.5360109951067067,0.9869519184091121,0.9657674700867167,0.9865630208146842,True
1028,gate_small_action_updates,0.04834881137893034,0.002334724803202341,12.47470870810165,0,0.6,0,5,1.0,0.009751996246398921,8.626025313121093e-05,0.5351116375039734,0.9868563174822974,0.9657831528521221,0.9866016571619529,True
1029,dual_pole,0.05668926045379825,0.0032105588450389,13.496099082055972,0,0.8,0,5,1.0,0.011954301124637742,9.793729994987851e-05,0.5300431100437669,0.9820925707749962,0.9681462894658533,0.9884114929535418,True
1029,recurrent,0.05711160324727591,0.003258621819714583,13.559899457597536,0,1.0,0,5,1.0,0.011750955340387961,9.84542192332092e-05,0.5325768106570865,0.9813491917025338,0.9677429907837626,0.9798751548416695,True
1029,no_self_model,0.05000881026324382,0.0024977676981854467,13.620166706962559,0,0.6,0,5,1.0,0.01081241617377034,9.809959605148078e-05,0.535006127043275,0.9860677540429604,0.967548758299755,0.9877376532047257,True
1029,reset_capacity_recall,0.05474135856695317,0.0029935029319960622,13.51657866685054,0,0.6,0,5,1.0,0.010818177243450314,9.761876453531937e-05,0.5308622769018816,0.9834149070833705,0.9680152956773629,0.9883802690179819,True
1029,reset_gain_only_recall,0.05499720345031578,0.0030215789815957518,13.513443599827829,0,0.6,0,5,1.0,0.010820206814082972,9.759057228576647e-05,0.530736889102339,0.9832471787753521,0.9680347065589877,0.9883838988383561,True
1029,freeze_capacity_recall,0.06198511684163015,0.0038390413041108676,13.492656693564108,0,0.8,0,5,1.0,0.01672719149562766,0.001132705726658839,0.5299069713109066,0.9778964131999808,0.9680490647022144,0.9881154504212915,False
1029,reset_freeze_capacity_recall,0.051808948738208974,0.0026810537635986904,13.571331919297839,0,0.6,0,5,1.0,0.010812532195962678,9.827559313882246e-05,0.5330523923679511,0.9851492281037045,0.967587631304425,0.9881083908080981,True
1029,unit_confidence_recall,0.04000017785237635,0.0015969008224620655,14.041506652764363,0,0.6,0,5,1.0,0.002370037217346087,2.540783571997106e-07,0.5518594151601564,0.9902621766172098,0.9658171915308724,0.9881411211921332,True
1029,zero_noise,0.04997742557305606,0.0024977430669103576,13.620166706962559,0,0.6,0,5,1.0,0.010813127557244437,9.834094313256048e-05,0.535732421271901,0.9861069626254343,0.967548758299755,0.9877376532047257,True
1029,gate_small_action_updates,0.05004201907378349,0.002501090267221237,13.620018229918118,0,0.6,0,5,1.0,0.010827673762646654,9.760231168881834e-05,0.5349998705887391,0.9860464000406466,0.9675501800661664,0.9877279564903292,True
1030,dual_pole,0.056176101043526126,0.003152672300846166,12.969415114078899,0,0.8,0,5,1.0,0.012918516715088126,9.470190478409578e-05,0.5300733674386705,0.9823366301030099,0.9663696555236116,0.9873455665894474,True
1030,recurrent,0.05495333781329724,0.0030167873092160733,13.026628658694444,0,1.0,0,5,1.0,0.01140274386325274,9.434724278976984e-05,0.5324379667942406,0.9828712162307058,0.9660000068778913,0.9806132034428827,True
1030,no_self_model,0.049691980781671655,0.0024662109263997346,13.075360038684058,0,0.6,0,5,1.0,0.010455455614075362,9.321186929467345e-05,0.5344899839880964,0.9862552963645586,0.9658292710233014,0.9866926890876884,True
1030,reset_capacity_recall,0.052319392672563664,0.002734236822019618,13.012064366392005,0,0.6,0,5,1.0,0.010462944282619756,9.386474544990345e-05,0.5318504248265136,0.9848665112906161,0.9661111334373294,0.9871353025466919,True
1030,reset_gain_only_recall,0.05240655608981978,0.0027433650935891362,13.011305790660034,0,0.6,0,5,1.0,0.010464012130567558,9.393436129712317e-05,0.531818808703289,0.9848100642192785,0.9661147605224264,0.9871310364138505,True
1030,freeze_capacity_recall,0.06943822260430883,0.004818584730839257,12.8096121017793,0,0.5,1,5,0.8,0.021767626459161526,0.0018644781843118285,0.5234182732672682,0.9722631641091868,0.9673936393535164,0.9873054483914069,False
1030,reset_freeze_capacity_recall,0.051395303942103815,0.0026383952396949414,13.027499588981817,0,0.6,0,5,1.0,0.010456144929506882,9.344904702434704e-05,0.5324935562250709,0.985408479803744,0.9660023486880892,0.987079175493742,True
1030,unit_confidence_recall,0.03916427353567268,0.001530758293970701,13.486730107805338,0,0.6,0,5,1.0,0.003281433136161534,3.010098437677377e-07,0.5516281578781039,0.9906928033795279,0.9638498881609561,0.9870898523397005,True
1030,zero_noise,0.04969404331206251,0.0024694979407011448,13.075360038684058,0,0.6,0,5,1.0,0.010470416966943754,9.440730614924436e-05,0.5352153226528694,0.9862662682740813,0.9658292710233014,0.9866926890876884,True
1030,gate_small_action_updates,0.049705126358425354,0.0024675175587007404,13.076703238189202,0,0.6,0,5,1.0,0.010474269550467818,9.393030712184009e-05,0.5345437004330513,0.9862382396068262,0.96583533864939,0.986674100241896,True
